Word,Count
the,3484
to,2752
----------------------------------------------------------------------------------------------------------------------,2488
OR,2240
THE,1920
of,1827
is,1354
OF,1280
IN,1280
and,1224
Software,962
$,960
SOFTWARE,960
in,815
this,811
a,768
This,740
Lozada-Benavente,678
file,674
without,645
copies,644
notice,640
FOR,640
ANY,640
OTHER,640
be,552
by,534
Elías,479
,445
*,433
following,423
The,420
or,381
all,364
copy,356
do,337
part,336
any,335
A,332
source,329
NOT,329
included,326
files,324
free,324
including,324
Copyright,323
(the,323
and/or,322
\use,\,322
BE,321
software,321
associated,321
shall,321
above,321
\granted,\,320
\CONTRACT,\,320
whom,320
\CLAIM,\,320
\charge,\,320
\IS"\,\,320
EVENT,320
COPYRIGHT,320
AUTHORS,320
IS,320
\distribute,\,320
HOLDERS,320
\LIABILITY,\,320
FITNESS,320
PARTICULAR,320
\FROM,\,320
ACTION,320
$Author:,320
\restriction,\,320
substantial,320
deal,320
furnished,320
rights,320
WARRANTY,320
sell,320
Permission,320
\modify,\,320
copyright,320
\IMPLIED,\,320
hereby,320
subject,320
AN,320
TO,320
AND,320
NONINFRINGEMENT,320
person,320
NO,320
\KIND,\,320
$Revision:,320
\OTHERWISE,\,320
\publish,\,320
documentation,320
LIABLE,320
persons,320
BUT,320
INCLUDING,320
\sublicense,\,320
ARISING,320
\Software,\,320
CONNECTION,320
\"\Software"\),\,320
USE,320
conditions:,320
permission,320
\copy,\,320
limitation,320
WITHOUT,320
@file,320
\merge,\,320
OUT,320
portions,320
\"\AS\,320
LIMITED,320
(c),320
TORT,320
PURPOSE,320
DAMAGES,320
WHETHER,320
PROVIDED,320
\so,\,320
permit,320
\MERCHANTABILITY,\,320
SHALL,320
DEALINGS,320
WITH,320
EXPRESS,320
WARRANTIES,320
obtaining,320
class,319
$Date:,318
E3,317
Created,317
2010-2014,305
methods,305
that,238
Project,224
defines,221
ElÃ­as,200
for,192
=,154
const;,144
on,143
/,141
1,134
void,133
has,120
not,118
types,117
as,113
&,111
used,110
note,110
an,109
initialization,109
const,105
Please,105
it,104
declares,104
functions,103
thread,102
finalization,102
contract:,100
Engine,99
usage,99
2,98
with,96
//,96
time,92
test,87
-,85
accessors,78
Accessors,78
if,78
Create,77
faster,77
are,76
interface,75
size,75
U32,74
library,74
template,71
macro,70
from,68
default,68
Methods,67
0,67
must,67
bool,67
can,66
<<,64
count,61
value,61
declarations,59
type,58
pointer,58
Auxiliary,57
3,56
static,55
using,55
buffer,52
will,51
operator,51
constructor,51
definitions,51
v);,50
use,49
array,48
------------------------------------------------------------------------------------------------------------------,48
object,46
function,46
defined,46
have,45
point,45
friend,45
method,45
operators,44
memory,44
version,43
which,43
assertion,43
messages,43
we,42
T,42
private,42
AllocatorClass>&,41
{,40
rotation,40
its,40
-----------------------------------------------------------------,40
Vector3<T>&,40
new,39
section],39
only,39
[Critical,39
\CharArray<CharType,\,38
global,38
\CharList<CharType,\,38
other);,37
when,37
Note,37
based,36
SharedPtr,36
return,36
+,36
than,36
POD,35
implementation,35
Update,35
does,35
original,34
},33
current,33
axis,33
reference,33
(already,32
Original,32
Thread,31
\a,\,31
parameter,31
tested),31
order,31
19-Apr-2014,31
<typename,30
assignment,30
access,30
\CharType,\,30
string,30
Windows,30
4,29
may,29
allows,29
T&,29
list,29
created,29
classes,29
through,28
also,28
\"\\,28
char*,28
@throw,27
number,27
pending,27
Operators,27
tasks,27
should,27
window,27
b);,27
system,26
time:,26
shader,26
If,26
uses,26
Based,25
elements,25
matrix,25
utility,25
other),25
conversion,24
destruction,24
task,24
ms],24
same,24
these,24
Vector2<T>&,24
state,24
T*,23
allocator,23
COM,23
ms,23
data,23
concrete,23
compatible,22
other,22
Forward,22
32,22
values,22
map,22
comparison,22
call,22
Size>,22
Vector4<T>&,21
maximum,21
GCRef,21
vertex,21
TestList,21
alternative,21
nothing,21
up,21
instead,21
Compute,21
required,21
It,20
Sets,20
implements,20
Vector3<T>,20
called,20
API,20
Set,20
Quaternion<T>&,20
Render,20
List,20
SRV,20
iterations,20
threads,20
pItem,19
allocation,19
objects,19
operator==(const,19
WeakPtr,19
so,19
code,19
Remove,19
operator!=(const,19
DynamicArray,19
application,19
Macro,19
==,19
there,18
greater,18
platform,18
Map,18
no,18
size);,18
CharArray,18
around,18
Find,18
Application,18
In,18
resource,18
vectors,18
element,17
working,17
auxiliary,17
bit,17
Clear,17
range,17
view,17
returns,17
v),17
you,17
Check,16
Riesgo,16
AllocatorClass>,16
device,16
ThreadPool,16
Size>&,16
between,16
unique,16
already,16
6,16
arrays,16
argument,16
destructor,16
GCPtr,16
------------------------------------------------------------------------------------------------------------------------,16
-------------------------------------------------------------------------------,16
max,16
Ángel,16
[],16
basic,15
index,15
counter,15
Relying,15
first,15
2010-2012,15
user,15
raw,15
For,15
need,15
macros,15
Matrix4<T>&,15
calls,15
camera,15
mesh,15
IRunnable,15
Elapsed,15
vector,15
29-Jan-2010,15
empty,15
work,14
always,14
Succeeded,14
create,14
child,14
ms),14
been,14
QuickSort,14
Math,14
just,14
main,14
constant,14
15-Nov-2011,14
Max,14
otherwise,14
ensure,14
Graphics,14
at,14
namespace,13
0;,13
elapsed,13
expected,13
RenderManager,13
template<typename>,13
each,13
serialization,13
define,13
factory,13
Vector4<T>,13
5,13
member,13
vertices,13
initialized,13
input,13
true,13
zero,13
before,13
two,13
D64,13
header,13
Note:,13
Time,13
MUST,13
texture2D,13
combination,13
requires,13
IntroSort,13
delete,13
On,13
calling,12
passed,12
IntrusivePtr,12
hash,12
due,12
include,12
QS,12
\F32,\,12
However,12
DX11,12
would,12
specializations,12
Iterator,12
thread-safe,12
Mutex,12
libraries,12
while,12
Matrix4,12
DLL,12
different,12
I32,12
after,12
pre,12
allocated,12
false,12
avoid,12
i,12
whether,12
condition,12
16-Sep-2013,12
64,11
DX11Texture2D,11
Bind,11
DX11Buffer,11
ISceneManager,11
IRenderManager,11
accessor,11
inverse,11
8,11
fact,11
GCStaticPtr,11
contains,11
compilation,11
Clean,11
until,11
definition,11
register,11
algorithm,11
some,11
contained,11
sphere,11
explicit,11
Floating,11
intended,11
viewport,11
Vector2,11
rare,11
implement,11
std::cout,11
distance,11
but,11
CharList,11
(updated,11
ray,11
added,11
because,11
Quaternion,11
Vector2<T>,11
index);,11
operator+(const,11
F32,11
singleton,11
entry,10
Queue,10
GenericFactory,10
set,10
StringBuffer,10
Vector4,10
subscriber,10
smart,10
ObjectCore,10
right,10
CPU,10
garbage,10
Type,10
mutex,10
local,10
minimum,10
running,10
them,10
initializer,10
instance,10
Insert,10
\pData,\,10
ops:,10
Iteration:,10
C++,10
their,10
construction,10
purpose,10
being,10
CharType*,10
(U32,10
compiled,10
Implementation,10
iteration,10
triangle,10
dynamic,10
heap,10
world,10
class:,10
Do,10
Hash,10
allow,10
IObjectComponent,10
Run,10
require,10
Static,10
Yaw,10
StringSerializer,10
helper,10
ThreadPoolWorker,10
update,10
Roll,10
count:,10
Copy,9
You,9
e.g,9
STL,9
GenericEventCallback,9
reason,9
SceneManager,9
render,9
!QuickSort,9
internal,9
index),9
struct,9
ComValidityScope,9
Vector3,9
GPU,9
parent,9
startIndex,9
big,9
32768,9
error,9
GetPtr(),9
instances,9
\class,\,9
setting,9
U,9
value);,9
We,9
declaration,9
inside,9
Gpu,9
one,9
Pitch,9
wait,9
basis,9
File,9
event,9
ResourceBuffer,9
length,9
pass,9
such,9
Array,9
Add,9
Calculate,9
GCGenericFactory,9
By,9
18-Sep-2014,9
GetSize(),9
debug,9
Get,9
depending,9
DX11Viewport,9
indices,9
String,9
includes,9
04-Jan-2014,9
cz,9
Resize,9
DX11RenderTarget,9
IDevice,8
calculate,8
component,8
active,8
Retrieve,8
directory,8
into,8
SimpleVertexUpdater,8
std::endl;,8
out,8
0.0f));,8
05-Feb-2010,8
loop,8
Callback,8
however,8
04-Dec-2011,8
translation,8
get,8
left,8
Quaternion<T>,8
\size,\,8
idiom,8
owner,8
Sort,8
UTF-8,8
Rotates,8
path,8
position,8
angles,8
then,8
SDK,8
valid,8
run,8
Non-explicit,8
\x,\,8
Transform,8
Load,8
strings,8
settings,8
Destroy,8
execution,8
chosen,8
base,8
C,8
Mesh,8
passing,8
publisher,8
Thread::Impl,8
IntrusiveReferenceCounter,8
Clear();,8
Standard,8
performance,8
make,8
View,8
cube,8
small,8
ITexture2DInstance&,8
Custom,8
(at,8
World,8
operation,8
operator[](U32,8
Win32,8
color,8
nullptr,8
step,8
No,8
redefine,8
least,8
p,8
format,8
ShadowComponent,8
Release,8
count);,8
collected,8
Apply,8
Gets,8
enough,8
public,8
start,8
@param,8
ForwardRenderer,8
Value,8
intersection,8
Frustum,8
ByteSerializer,8
variables,8
\y,\,7
value),7
windows,7
headers,7
sy,7
cit),7
XmlSerializer::Impl,7
Initialize,7
as:,7
Normalize,7
won't,7
abstract,7
message,7
ConstantBuffer,7
Fill,7
7,7
pointers,7
Camera,7
GCConcreteFactory,7
allowed,7
(float3),7
Types,7
handle,7
Material,7
All,7
0);,7
warning:,7
take,7
Utilities,7
bounds,7
states,7
exit,7
it),7
row,7
encoding,7
Tag,7
15,7
};,7
module,7
ISerializer,7
Shared,7
cast,7
:,7
although,7
DX,7
Stack,7
end,7
Box3,7
pivot,7
pipeline,7
18-Oct-2014,7
third,7
IAllocator,7
\["\\,7
Exception,7
unit,7
manager,7
XmlSerializer,7
creation,7
Box2,7
Pointer,7
way,7
inline,7
x1,7
operations,7
very,7
exceptions),7
matrices,7
Known,7
frame,7
elements),7
registered,7
09-Feb-2010,7
name,7
Atomic,7
30-Aug-2014,7
region,7
Start,7
therefore,7
specialization,7
Color,7
3-Way,7
Light,7
(very,7
party,7
perform,7
Euler,7
checks,7
DX11Device,7
queue,7
ObjectGroup,7
sort,7
\pitch,\,7
size_t,7
Search,7
bound,7
assert,7
12-Feb-2010,7
power,7
EventCallback,7
Draw,7
both,7
protected,7
could,7
To,7
cannot,7
completion,7
\yaw,\,7
DualP,6
Compact();,6
scene,6
Invalid,6
third-party,6
TextureVertexUpdater,6
Take,6
frustum,6
dependent,6
DirectX,6
origin,6
children,6
GetLength(),6
DLLs,6
20-Apr-2014,6
multi-threaded,6
Matrix4<T>,6
Parameters:,6
\DXGI_FORMAT_UNKNOWN,\,6
cx,6
Define,6
destination,6
character,6
guarantee,6
possible,6
pattern,6
behavior,6
13-Aug-2014,6
line,6
(which,6
necessary,6
DX11DepthStencilState,6
well,6
typedef,6
null,6
needs,6
means,6
14-Sep-2014,6
growth,6
standard,6
SizeOther>&,6
light,6
generation,6
executable,6
product,6
DX11RasterState,6
fail,6
RandomNumberGenerator,6
transposed,6
Test,6
\0.0f,\,6
another,6
DX11Shader,6
across,6
rather,6
depth,6
separate,6
plane,6
28-May-2014,6
SizeOther>,6
0),6
outside,6
whenever,6
trigger,6
weighted,6
DX11Pipeline,6
computation,6
Default,6
performs,6
stack,6
space,6
LogicComponent,6
smaller,6
operator*=(const,6
E_SETTING_DYNAMIC_LIBRARY,6
char,6
bits,6
CharType,6
context,6
Event,6
CameraHandler,6
!=,6
converted,6
V,6
resources,6
live,6
factories,6
hence,6
DX11BlendState,6
Utf8,6
specific,6
rendering,6
&b);,6
non,6
(or,6
e.g:,6
several,6
[Thirdparty],6
InstanceVertexUpdater,6
given,6
Thread-safe,6
external,6
random,6
04-Feb-2014,6
CharArray(const,6
DX11Sampler,6
buffers,6
item,6
[Utilities],6
Path,6
RenderTestApplication,6
Last,6
ITexture2DInstance,6
known,6
IndexedInstanceVertexUpdater,6
Memory,6
vs,6
usage:,6
implementations,6
Base.h,6
termination,6
sets,6
\AddChildWindow(winApp,\,6
SetZero();,6
Swap,6
str);,6
check,6
25,6
specified,6
related,6
10,6
pseudo-sorted,6
Timer,6
Only,6
predefined,6
ConcreteFactory,6
items,6
result,6
Z,6
sz,6
declared,6
available,6
Delete,5
Given,5
meshes,5
candidate,5
derived,5
farZ,5
scaling,5
negative,5
adding,5
even,5
box,5
128,5
mCore,5
swap,5
iterator,5
IThreadPoolWorkerSubscriber,5
better,5
bytes,5
cy,5
arbitrary,5
operator-(const,5
GAllocator,5
04-Nov-2014,5
Returns,5
amount,5
(e.g,5
operator*(T,5
implemented,5
Text,5
Trim,5
they,5
insertion,5
description,5
waiting,5
/<,5
Studio,5
Store,5
8192,5
Push,5
helpers),5
MB,5
ID,5
begin,5
sequential,5
1);,5
(not,5
meshBuffer,5
21-Apr-2014,5
DXGI_FORMAT_D16_UNORM,5
08-Feb-2014,5
occurs,5
natural,5
RenderToTextureUpdater,5
\v1,\,5
(note,5
static_cast,5
orthonormal,5
z);,5
integer,5
implementing,5
Foo,5
Valid,5
IndexedVertexUpdater,5
RAII,5
18,5
DXGI_FORMAT_D32_FLOAT_S8X24_UINT,5
is:,5
MapHasher,5
24-Jun-2014,5
beginning,5
weak,5
linear,5
(farZ,5
aligned,5
LightSpot,5
important,5
SampleApplication,5
operator-(),5
[Test::Map::RunPerformanceTest],5
LightPoint,5
sx,5
whole,5
types),5
Archive,5
proper,5
X,5
AbstractFactory,5
\0.02f,\,5
client,5
08-Sep-2014,5
\X,\,5
Matrix4f,5
lock,5
either,5
v2);,5
during,5
pair,5
information,5
requiring,5
differ,5
operator*=(T,5
InitializeCom,5
17-Oct-2014,5
CANNOT,5
IEventHandler,5
nearZ),5
IVertexLayout,5
was,5
Descriptor,5
16,5
11,5
operator*(const,5
exception,5
::GetLastError();,5
target,5
Singleton,5
non-POD,5
IRenderTarget,5
#include,5
Plane,5
Half,5
Y,5
else,5
Input,5
SetCount,5
&subscriber);,5
simple,5
DX11Core,5
operator+=(const,5
10-Dec-2013,5
operator-=(const,5
\DXGI_FORMAT_D24_UNORM_S8_UINT,\,5
16-Oct-2014,5
virtual,5
provided,5
clears,5
every,5
transformation,5
against,5
initialize,5
Window,5
directly,5
04-Jun-2014,5
(it,5
numerical,5
provides,5
median,5
able,5
bind,5
last,5
64-bit,5
operator<<(const,5
Configure,5
Matrix,5
functionality,5
ConditionVariable,5
custom,5
constants,5
IObject,5
DXGI_FORMAT_D32_FLOAT,5
Remember,5
Visual,5
existing,5
!IntroSort,5
\pSource,\,5
acquisition,5
expressed,5
exceptions,5
defining,5
\"\Base.h"\\,5
@return,5
second,5
about,5
bounding,4
key,4
IShadowComponent,4
E_ASSERT_HANDLE_FAILURE,4
GetGrowthPercentage(),4
Build,4
sinY,4
Normal,4
(http://pugixml.org/),4
EventHandlerClass,4
m,4
times,4
final,4
form,4
Zero,4
binding,4
106.955,4
display,4
ILogicComponent,4
Dot(const,4
\X,Y,Z\,4
[Gpu],4
Makes,4
<,4
owned,4
ensuring,4
cross,4
(defined,4
conversions,4
Trigger,4
certain,4
doubles,4
\initialization"\)\,4
identity,4
needed,4
cosP,4
key),4
destruction:,4
Members,4
MemoryHelper,4
corresponding,4
consistent,4
epsilon,4
14-Jan-2014),4
otherwise),4
destroy,4
Constants,4
transform,4
Compact,4
\value,\,4
GetLengthSquared(),4
id,4
Resize(U32,4
Microsoft,4
Atomic<U32>>,4
ILightSpot,4
Length,4
reached,4
desired,4
length);,4
IViewport,4
idling,4
GetCount(),4
||,4
high,4
root,4
account,4
Normalize();,4
significant,4
<U32,4
IsEqual(const,4
floats,4
\,4
SizeB>&,4
\min,\,4
top,4
x2,4
(float4),4
08-Jun-2014,4
Platform,4
idle,4
core,4
improved,4
concurrent,4
shared,4
sx;,4
atomic,4
480));,4
MouseCameraSample,4
supported,4
layout,4
Wait,4
whose,4
Copy(const,4
floating,4
keys,4
Calls,4
operand,4
Sphere,4
width,4
(in,4
add,4
allocates,4
desc,4
Graphics::Global,4
x0,4
RmvFst,4
mutexes,4
RenderDepthToTextureUpdater,4
Fast,4
E_ASSERT_MSG,4
deallocation,4
IMeshInstance,4
previously,4
MeshHelper,4
[32768],4
cosY,4
modify,4
DebugWindow,4
SetGrowthFactor(F32,4
favor,4
SizeB>,4
Ensure,4
failure,4
SetRotation(T,4
track,4
13-Sep-2013,4
256,4
geometry,4
ThreadExceptions,4
solution,4
support,4
identified,4
Min_Mag_Mip_Linear,4
useful,4
Assertion,4
06-Jun-2014,4
106.049,4
\x0,\,4
(*it).second,4
89.439,4
conjunction,4
quaternion,4
checking,4
identifier,4
nearZ,4
previous,4
percentage,4
actual,4
DX11VertexLayout,4
z,4
true;,4
05-Jun-2014,4
[262144],4
pStr);,4
\publisher.Bind<Subscriber,\,4
Append(const,4
LightPointSample,4
),4
planes,4
at:,4
per,4
std::vector<I32>,4
InputManager,4
on:,4
normalized),4
rotations,4
IsEmpty(),4
MultitargetVertexUpdater,4
interfaces,4
(const,4
Wakes,4
screen,4
numbers,4
progress,4
read,4
coordinate,4
internally,4
..,4
char*),4
microseconds,4
Use,4
SizeA>&,4
enum,4
retrieve,4
*=,4
delimiter,4
operator=(const,4
pool,4
Push(const,4
WinMain,4
roll,4
moving,4
pugixml,4
2:,4
21-Oct-2014,4
easily,4
\"\]\,4
IShader,4
TriangleSample,4
\pointer,\,4
sinP,4
495.681,4
iterators,4
common,4
dependencies,4
host,4
transpose,4
\"\"\\,4
\SizeA,\,4
Switch,4
Rmv,4
FALSE),4
ILightPoint,4
level,4
There,4
conditions,4
Otherwise,4
\E::Containers::List<T,\,4
allowing,4
long,4
provide,4
radius,4
Win,4
13,4
selection,4
Compile,4
case,4
\IEvent,\,4
Rotation,4
Next,4
\"\STD\,4
645.227,4
single,4
GetPtr();,4
shadow,4
20-Feb-2014,4
IEvent,4
IInputManager,4
MutexImpl,4
singletons,4
performed,4
COM-based,4
Device,4
ConstIterator,4
30-Dec-2013),4
93.5018,4
08-Feb-2010,4
Empty,4
CharType&,4
Handed),4
equivalents,4
destroys,4
still,4
Deleter,3
resize,3
deleter,3
operator-=(T,3
E2,3
30-Dec-2011,3
acts,3
it);,3
ChildMeshSample,3
address,3
fov,3
sqrt,3
alignment,3
That,3
farZ),3
DynamicArray::operator,3
(see,3
IWorld,3
sceneManager->CreateComponent(IObjectComponent::eComponentTypeShadow);,3
properly,3
instruction,3
execute,3
capacity,3
making,3
speed,3
Graphics::DeviceProvider,3
depends,3
D,3
requested,3
kills,3
issue,3
x86,3
IsZero(),3
delta,3
height,3
write,3
container),3
cx;,3
automatically,3
IShadowComponentInstance,3
exported),3
std::atomic,3
PhongSample,3
Sign();,3
terminator,3
mRenderManager->Bind(mRasterStates[eRasterStateIDDefault]);,3
Debug,3
Non,3
AllocatorProvider,3
efficiency,3
unified,3
invalid,3
info,3
terminated,3
r,3
equal,3
unload,3
ops],3
waiter,3
Comment,3
ZF,3
4096,3
2D,3
token,3
sz;,3
hosted,3
control,3
18-Jun-2014,3
http://www.allegro.cc/forums/thread/589720,3
Construction,3
feature,3
ITexture2D,3
Read,3
SetRotation(const,3
axis);,3
Threads,3
preserves,3
requirement,3
Motorbike,3
release,3
operator/(const,3
absolute,3
independent,3
encouraged,3
zero),3
throw,3
optimized,3
required),3
put,3
formatted,3
dummy,3
++it),3
requirements,3
(...),3
\40.0f,\,3
IRasterState,3
14-Aug-2014,3
0.01f;,3
removal,3
immediately,3
model,3
blocks,3
flag,3
achieved,3
assertions,3
\ms"\\,3
Resize(0),3
Public,3
locked,3
(auto,3
Comparer,3
Reset,3
compare,3
Directory,3
t.GetElapsed().GetMilliseconds(),3
variable,3
Basic,3
texture,3
IBuffer,3
10-Oct-2014,3
Performs,3
PopBack,3
Reserve(U32,3
20,3
executed,3
cells,3
appropriate,3
Memory::GlobalAllocator,3
content,3
non-intrusive,3
operator-(T,3
HANDLE,3
sinR;,3
management,3
'.';,3
operator+(T,3
Insertion,3
03-Jul-2014,3
cause,3
retrieves,3
adapter,3
ClosestPointToSegment,3
Not,3
VertexFormatSample,3
LightSpotSample,3
represented,3
projection,3
Attempt,3
store,3
23-Oct-2014,3
functions:,3
Vector,3
user-defined,3
x,3
assumes,3
E_SETTING_CUSTOM_EXCEPTION_TYPES,3
Code,3
Browse,3
generate,3
Sorting,3
Null,3
compile:,3
IView,3
IDepthStencilState,3
section,3
operator/=(T,3
Constructor,3
Hash.h,3
\"\Map\,3
roll);,3
rotated,3
(nearZ,3
graphics,3
Center,3
IBlendState,3
stored,3
LightSpotShadowSample,3
returned,3
more,3
IObjectGroup,3
Depth,3
collision,3
IRenderer,3
Global,3
Main.cpp,3
counting,3
http://iaroslavski.narod.ru/quicksort,3
versions,3
1.0f);,3
[2147483647],3
07-Feb-2014,3
output,3
non-const,3
HighlightSample,3
HasherClass,3
assert),3
back,3
ScopedPtr,3
events,3
(,3
manually,3
Thread.h,3
IWindow,3
face,3
TimeValue,3
IMesh,3
opposition,3
executables,3
never,3
example,3
validity,3
radians);,3
reduce,3
cosR,3
Finalize,3
segment,3
SetGranularity(U32,3
Thread.cpp,3
run-time,3
IResource,3
25-Feb-2012,3
As,3
Allow,3
gets,3
points,3
AxisY();,3
prefix,3
imported,3
MaxMin,3
MaterialSample,3
CreateThread,3
32-bit,3
unless,3
ValueType,3
series,3
members,3
SafeCast,3
operator/(T,3
directories,3
deallocates,3
An,3
additional,3
DynamicArray&,3
integers,3
28-Sep-2012,3
overall,3
typename,3
LightSample,3
wchar_t,3
std::string,3
(alignment,3
poles,3
(C),3
addition,3
done,3
critical,3
cy;,3
IPipeline,3
ICamera,3
thus,3
(like,3
sometimes,3
IGarbageCollector,3
compile,3
safety,3
Main,3
Helper,3
Lock,3
ISerializer&,3
actually,3
--------------------------------------------------------------------------------------------------------------------------------------,3
IConstantBuffer,3
\idiom,\,3
views,3
Reserve,3
group,3
your,3
http://algs4.cs.princeton.edu/23quicksort/,3
switch,3
\classes,\,3
p);,3
[Test::Algorithm::RunPerformanceTest],3
paths,3
found,3
\long,\,3
#pragma,3
waiters,3
itself,3
11-Dec-2013,3
http://,3
own,3
improve,3
determinant,3
C++11,3
PushBack(const,3
9,3
operator/=(const,3
---------------------------------------------------------------------------------------------------------------------------------------,3
EDX:EAX,3
CharList(const,3
assuming,3
AxisX();,3
operator+=(T,3
(even,3
flags,3
[100],3
29-Jan-2014,3
14,3
IMaterial,3
15-Sep-2014,3
down,3
are:,3
chain,3
IResourceBuffer,3
where,3
&&,3
outLambda,3
STD,3
GetLength,3
behind,3
Treats,3
multiple,3
\radians,\,3
preSetV2i.GetLength(),3
representation,3
works,3
Mersenne,3
Signal,3
E_DECLARE_POD,3
Intrusive,3
recommended,3
ISampler,3
ILight,3
within,3
Has(const,3
sy;,3
E_SETTING_CUSTOM_MEMORY_TAGS,3
GetGranularity(),3
ConditionVariable::Impl,3
3D,3
center,3
cit);,3
E::Containers::List(U32,3
want,3
process,3
Return,3
composed,3
\("\resource\,3
finish,3
19-Sep-2014,3
\SharedPtr<Foo,\,3
happen,3
4-32-bit,3
WPath,3
ring,3
limit,3
\type,\,3
09-Sep-2014,3
instantiate,3
formats,3
UTF-16,3
subscribers,3
02-Dec-2013,3
represents,3
E_INTERNAL_SETTING_PATH_SIZE,3
partitions,3
EnsureSize(U32,3
destroyed,3
&mData[0],3
\max,\,3
sceneManager->CreateObject(IObject::eObjectTypeLightSpot);,3
finished,3
5);,3
offer,3
LightShadowSample,3
\However,\,3
outLambda),3
projects,3
08-Dec-2013,2
newer,2
100,2
Uy,2
12,2
3.3,2
mMesh->AddChild(childMesh);,2
involved,2
\IObject,\,2
Time.h,2
mRenderCommand;,2
IEEE,2
attributes,2
debugging,2
Used,2
entry-point,2
y,2
Grow,2
E_ASSERT:,2
\running,\,2
U32>,2
startInstance);,2
out:,2
distribution,2
21-Sep-2013,2
outputs,2
\0x%p]"\,\,2
indicate,2
best,2
http://www.cs.lth.se/home/Tomas_Akenine_Moller/code/,2
how,2
\Z(0,0,1)\,2
(debug),2
1;,2
\zero,\,2
Schmidt,2
relative,2
\Y(0,1,0),\,2
refresh,2
\"\pimpl"\\,2
RemoveChild,2
>,2
rZ;,2
\executed,\,2
cap,2
II,2
extensible,2
multiple),2
left-handed,2
Impl,2
groundMaterial->Set(IMaterial::eAluminium);,2
usually,2
transparent,2
translated,2
operator<<(U64,2
Implicit,2
First,2
lock-free,2
Always;,2
rows,2
BFG,2
\z,\,2
Interface,2
respect,2
DX11Texture2D.cpp,2
WorkingThread,2
extend,2
KeyType,2
operator<<(F32,2
translations,2
Threads::Impl,2
handler,2
MultitargetVertexUpdater.cpp,2
mLightContext->GetDescriptor().depthTarget;,2
http://www.geometrictools.com/LibFoundation/Distance/Distance.html,2
\default,\,2
OnUnload,2
debugger,2
sharing,2
(commented,2
729.364],2
supplies,2
2010),2
m[2],2
Fy,2
sp2,2
combining,2
\E_WARNING("\\,2
PushBack,2
manner,2
\thread,\,2
communication,2
correct,2
handling,2
(method,2
ThreadException,2
ComUtil,2
techniques,2
Trim(U32,2
operator<<(CharType,2
structures,2
characters,2
specular,2
01-Dec-2011,2
(base,2
entity,2
IntersectRayTriangle,2
ShaderMacros,2
signaled,2
CounterType,2
terminate,2
rotationMatrix;,2
Boost,2
E_ASSERT(value,2
transformations:,2
pTarget,2
Assignment,2
increase,2
contract,2
expects,2
match,2
fooPtr2;,2
StringBuffer&,2
[Test::SharedPtr::RunPerformanceTest],2
std::auto_ptr,2
SimpleHash,2
marched,2
assumed,2
String&,2
mixed,2
Pop(U32,2
Print(const,2
bloat,2
CleanUp,2
\construction,\,2
cursor,2
(compxchg8b),2
break,2
Math::Global,2
map2);,2
class),2
Coordinates,2
step);,2
angle,2
Verify,2
IFactory,2
lpParam,2
layer,2
remove,2
0.5f,2
mBufferPosition,2
[allocatpr,2
layouts,2
DynamicArrayBase,2
suitable,2
(row_major),2
\a(10,\,2
Most,2
giving,2
MutexImpl.h,2
RemoveChildren,2
SmartPtr.h,2
\DXGI_FORMAT_R32_TYPELESS,\,2
operator<<(bool,2
direction,2
11113.6],2
17,2
sort),2
02-Jan-2014),2
ProxyAllocated,2
Removed,2
Waits,2
indexedInstanceVertexUpdater;,2
registers,2
released,2
named,2
allocators,2
E_API,2
N,2
(Left,2
signal,2
SetParent,2
Allocator.h,2
16384,2
(DX11),2
why,2
25;,2
keeping,2
\platform,\,2
instanceVertexUpdater;,2
Remove(Iterator,2
compares,2
automatic,2
regular,2
\qTo,\,2
verbose,2
\columns,\,2
\T,\,2
512);,2
m[6],2
EnsureSize,2
Member,2
operator<<(U32,2
warning,2
\reasons,\,2
Specialized,2
holding,2
container,2
\DXGI_FORMAT_R32_FLOAT,\,2
w);,2
pPtr),2
<=,2
Operator,2
stores,2
m[5],2
DistancePointTriangle,2
offers,2
\instance,\,2
according,2
Ux,2
ILightSpot.h,2
Source,2
filled,2
windowCanvas,2
conflicts,2
(class,2
21-May-2014,2
ptr,2
Memory::Heap::Impl,2
stencilReadMask,2
Memory::GlobalAllocatorProvider().SetAllocator,2
DynamicArray.h,2
sample,2
Input.h,2
pivots,2
%,2
Uncomment,2
removed,2
TimeImpl.h,2
'this',2
Directory::Impl,2
Time.cpp,2
10-Nov-2014,2
serialized,2
\query,\,2
incur,2
kDefaultMinSize,2
\DeleterClass"\\,2
PushFast(const,2
\&Subscriber::OnEvent>(EventA::kTypeId,\,2
via,2
Allocator,2
cover,2
Rz,2
[Engine],2
GetByteSize(),2
modified,2
invalidate,2
scaleMatrix,2
(mpPtr),2
operator<<(I64,2
Array.h,2
(DynamicArray,2
Keep;,2
compute,2
ListBase,2
delegate,2
p),2
Com,2
402.537],2
general,2
(float4x4),2
Second,2
(there,2
order):,2
Algorithm.h,2
conditional,2
16-Nov-2014,2
except,2
Library,2
9.051],2
algorithms,2
DerivedType*,2
0xffffffff,2
order:,2
factor,2
affect,2
ensures,2
infinite,2
------------------------------,2
pObject,2
handed,2
extended,2
outlives,2
non-template,2
\right,\,2
specialized,2
loop:,2
unordered,2
encapsulates,2
IntrusivePtr<Foo>,2
(*mpCount,2
R,2
IRunnable::Run,2
thread-safety,2
Ring,2
qFrom,2
(),2
\X(1,0,0),\,2
MeshBuffer,2
(--((const,2
When,2
Date,2
assign,2
move,2
AddChild,2
str),2
512,2
(15,2
13072.7],2
ILightPoint.h,2
Msvc,2
Win32::Global,2
Duplicate,2
Ry,2
IntrusiveReferenceCounterRemove(const,2
min,2
fails,2
\i,\,2
load,2
(and,2
1690.95],2
orientation,2
Graphics.h,2
E_ASSERT(,2
{{NO_DEPENDENCIES}},2
terminates,2
scaled,2
\AbstractFactory<Vehicle,\,2
\col0,\,2
c);,2
instantiated,2
mouse,2
wvp,2
cone,2
CharList();,2
dir,2
pPair,2
rely,2
Draws,2
warnings,2
default),2
Min_Mag_Mip_Point,2
FileSystem,2
Djb2,2
groups,2
Resource,2
Platform.h,2
translationMatrix,2
4);,2
Vector2(T,2
p)->mCounter,2
unlocking,2
floating-point,2
m[,2
Binding,2
Recalculate,2
Ray,2
failures,2
our,2
mpPtr;,2
05-Jul-2014,2
stencilWriteMask,2
GetValue(ConstIterator,2
renderToTextureUpdater;,2
Destructor,2
don't,2
lightweight,2
(Right,2
observer,2
deallocate,2
(size_t,2
Friend,2
modulus,2
forcing,2
enclosing,2
So,2
eulerAngles);,2
\0,\,2
sleeps,2
http://www.boost.org/,2
bSubdirectory,2
Unload,2
CustomDeleter<IBoo>>,2
file),2
source),2
\"\class\,2
most,2
Then,2
orthogonal),2
1e-3f));,2
Min_Mag_Linear_Mip_Point,2
\b,\,2
state),2
operator<<(D64,2
GCCounter,2
ZeniMax,2
mRenderManager->GetResourceBuffer(eResourceBufferIDLight)->ReleaseIndex(mLightID);,2
m[1],2
10000,2
#define,2
constructed,2
modifies,2
carried,2
File.cpp,2
Template,2
\Otherwise,\,2
safe,2
260,2
\DXGI_FORMAT_BC3_TYPELESS,\,2
null-terminate,2
location,2
affine,2
Affine,2
93.524],2
@,2
kernel,2
specify,2
/Creates,2
easier,2
takes,2
refcstrRootDirectory,2
2;,2
keep,2
characteristic,2
relating,2
831.911],2
\m,\,2
Remove(ConstIterator,2
implicit,2
GetNext(Iterator,2
DefaultAllocator,2
supplied,2
E::Containers::List(const,2
Epsilon,2
MultitargetVertexUpdater.h,2
byte,2
mind,2
correctly,2
\representation,\,2
parameters,2
Rx,2
representations,2
4x4,2
mProjectionMatrix,2
leak,2
renderDepthToTextureUpdater;,2
E_ASSERT,2
ConstantBufferID,2
CoUninitialize,2
auto,2
DLL),2
platforms,2
GetEnd(),2
D3D,2
network,2
2048,2
IsValid(Iterator,2
relatively,2
\DXGI_FORMAT_BC2_TYPELESS,\,2
causes,2
probing,2
[1024],2
E.g,2
count));,2
present,2
\pStr,\,2
substitute,2
Doom,2
hash-based,2
Will,2
lists,2
Fx,2
(*it).first,2
DynamicArray<T>&,2
begin(mList);,2
quick,2
WaitForTermination,2
generic,2
expressions,2
scale,2
col2,2
math,2
parts,2
',2
boolean,2
mSceneManager->CreateObject(IObject::eObjectTypeMesh);,2
Frank,2
intArrayStd.end());,2
Wchar,2
Graphics::Scene::ObjectCore::GetRenderCommand(),2
IDestroyer,2
Queue.h,2
GetBegin(),2
linkage,2
generated,2
indicates,2
(UTC),2
\qFrom,\,2
lookup,2
demand,2
Clamp,2
IntrusiveReferenceCounter*),2
forward,2
template<U32,2
Cpu,2
1993-2012,2
date,2
TestArray,2
EventHandlerClass::*Method,2
U64,2
Universal,2
GetValue(Iterator,2
test;,2
since,2
repeated,2
block,2
Register,2
IsEqual,2
\Add,\,2
right-most,2
tangent,2
17-Jan-2014,2
++i),2
qTo,2
normals,2
File.h,2
01-Oct-2014,2
fooPtr1;,2
b,2
pack_matrix,2
Application.cpp,2
Edition,2
minus,2
Cross(const,2
pAllocator);,2
over,2
t);,2
below),2
protects,2
find,2
letting,2
June,2
sizeof(PodType),2
holds,2
interpolation,2
event:,2
expression,2
ratio,2
GetNext(ConstIterator,2
Y),2
06-Jul-2014,2
Find(const,2
connected,2
Restore,2
devices,2
double,2
EventClass,2
m[0],2
longer,2
ThreadImpl,2
temporary,2
draw,2
style,2
Early,2
granularity,2
tv,2
And,2
prime,2
initializes,2
Text::Impl,2
privately,2
\equivalent,\,2
ILogicHandler,2
(only,2
below,2
follow,2
many,2
close,2
less,2
Application::Global,2
exchange,2
\instanceCount,\,2
60.0f);,2
FooA,2
18-Jan-2014,2
report,2
operator()(U32,2
having,2
\LLC,\,2
List.h,2
tick,2
ComUtil.h,2
GPL,2
rotating,2
allocate,2
{},2
SharedPtr.h,2
false;,2
inverse),2
(mutually,2
_CrtIsValidHeapPointer,2
-1,2
one),2
\nothing,\,2
\DXGI_FORMAT_BC1_TYPELESS,\,2
WeakPtr.h,2
Application.h,2
\message,\,2
WindowProc,2
Select,2
--------------------------------------------------------------------------------------------------------------------,2
communicating,2
VertexPrimitive,2
light:,2
\List<T,\,2
false),2
twister,2
--(*mpCount);,2
\Clear,\,2
Sequential,2
Vector3(T,2
PlatformBase.h,2
\(Z,\,2
Its,2
calculation,2
thread),2
processes,2
31-Aug-2014,2
+=,2
Quaternion.h,2
IAllocator*,2
multi-threading,2
buckets,2
Number,2
WString,2
0xff;,2
IsValid(ConstIterator,2
lightDir,2
Map.h,2
dlls,2
(pObject),2
\DXGI_FORMAT_R8G8B8A8_TYPELESS,\,2
viewable,2
Murmur3,2
\col1,\,2
row-major,2
w-r,2
try,2
makes,2
E_SETTING_OVERRIDE_NEW_AND_DELETE,2
1970,2
engine,2
by:,2
pixels,2
accessible,2
\A32,\,2
www.geometrictools.com,2
Vector4(T,2
11),2
16-Aug-2014,2
deleted,2
Fnv32,2
aspectRatio,2
scoped,2
place,2
Point,2
Least,2
\DXGI_FORMAT_R16_TYPELESS,\,2
destructor),2
container:,2
\initialization,\,2
\Pitch,\,2
\library,\,2
company,2
\DXGI_FORMAT_R24G8_TYPELESS,\,2
p;,2
12-Oct-2014,2
objects:,2
Utility,2
GpuDevice,2
rate,2
releasing,2
StringBuffer.h,2
-nearZ,2
E_NEW,2
1e-6f),2
technique,2
CorePch.cpp,2
tries,2
S_FALSE,2
same:,2
ValueType&,2
ExampleClass,2
rhs);,2
class&,2
handy,2
SetScale(T,2
hold,2
Math::Clamp(mCutOffAngle,2
17-Jun-2014,2
(projection),2
Runtime,2
printing,2
&*,2
pos,2
queries,2
CharTypeTraits<CharType>::Type,2
collection,2
Direct,2
~CharList();,2
Generate,2
ResourceBufferID,2
understand,2
04-Oct-2013,2
\"\a"\\,2
Factory.h,2
reasoning,2
Increment,2
inputs,2
non-heap,2
equivalent,2
~CharArray();,2
seconds,2
Scale(T,2
dead,2
structure,2
aspect,2
~=,2
composition,2
\rows,\,2
);,2
[1048576],2
Memory::Global,2
[EngineTest],2
SetRotation,2
DynamicArray(const,2
coordinates,2
computer,2
(number,2
indexes,2
Orthographic,2
DXGI,2
2048),2
consistency,2
Allocator.cpp,2
DXGI_FORMAT,2
option,2
\*fmt,\,2
IShaderPipeline,2
accesses,2
\CounterType,\,2
DJB2,2
(used,2
exception-safe,2
Fz,2
(KeyType,2
Unbind,2
Vertex,2
m[4],2
attempting,2
Size,2
Prepare,2
ordering,2
23-Sep-2014,2
wrapper,2
method),2
IsIdentity(),2
bear,2
Serialization,2
Rotate(const,2
attenuation,2
list),2
09-Nov-2014,2
AxisZ();,2
File::Impl,2
\DXGI_FORMAT_R32G8X24_TYPELESS,\,2
prevent,2
\str,\,2
end(mList);,2
indirectly,2
std,2
j,2
\TimeInsert(i,\,2
Cap,2
lies,2
operator<<(I32,2
extremely,2
Style,2
aside,2
int,2
phase:,2
E_INTERNAL_SETTING_STRING_SIZE,2
Assign,2
(no,2
degree,2
m[10],2
removing,2
positive,2
overridden,2
tagging,2
Stack.h,2
express,2
1:,2
Getters,2
creating,2
\target,\,2
sorting,2
2012-07-17,2
Pair,2
Big,2
reasons,2
event),2
Uz,2
multiplication,2
CharList(U32,2
guarantees,2
updated,2
developed,2
E_DISABLE_COPY_AND_ASSSIGNMENT,2
kind,2
original),2
\Y,\,2
(Visual,2
\startVertex,\,2
operator^(const,2
Graphics::IDevice,2
FILE_ATTRIBUTE_NORMAL),2
GetPtr,2
Media,2
Incr;,2
Graphics::RenderCommand&,2
public:,2
\sampleApp.Initialize(512,\,1
strBuffer.SetLength(1024);,1
GCGenericFactory.cpp,1
away,1
[82.329,1
GarbageCollection.h,1
\mLightSpot[i]->Translate(Vector3f(0.0f,\,1
IntersectionUtil.h,1
Spheref,1
tag,1
(this,1
memcpy:,1
E_NEW(int);,1
\Delegates"\\,1
explanation,1
\direction"\\,1
latest,1
Vector.h,1
MeshHelper.h,1
tracks,1
Zero;,1
Ending,1
ScaleY(T,1
1365.32%,1
E::Containers::DynamicArray<I32>,1
Weinert,1
4088.95],1
signaling,1
GenericFactory:,1
bDeleteSubdirectories,1
60.245],1
intermediate,1
too),1
eGold,1
shortest,1
really,1
ThreadPoolWorker.h,1
Tests,1
Input::Global,1
std::StringSerializer,1
negate,1
Spot,1
(POD,1
\a43,U\,1
12-Aug-2014,1
\135.0f,\,1
D3DXMatrixPerspectiveFovLH,1
\Math::IsEqual(dxQ.z,\,1
\mLightSpot[1]->SetAttenuation(0.0f,\,1
hasher,1
(R),1
complain,1
contemplate,1
selected,1
publisher:,1
passes,1
(Multi-Threaded,1
Ryaznanov,1
DWORD,1
0x1000,1
IBuffer.h,1
E_DECLARE_SINGLETON_FRIENDLY,1
sizes,1
http://preshing.com/20130107/this-hash-table-is-faster-than-a-judy-array/,1
\40,\,1
vertical,1
FindValue(const,1
ConditionVariableImpl,1
\startIndex,\,1
sampleApp;,1
99,1
(reducing,1
9.71122%,1
MapHasher<Graphics::ISampler::Descriptor>,1
IVertexLayout::ElementDescriptor,1
(+1.60705,1
Declare,1
managed,1
Registered,1
AddRelaxed64,1
6132.83%,1
quaternions,1
yaw);,1
nanoseconds,1
factory:,1
Atomic.h,1
FindValue(KeyType,1
FocusEvent,1
sign,1
1195.05],1
-Tx,1
25-Apr-2014,1
MapHasher<Graphics::IBlendState::Descriptor>,1
ClearRenderTargetView,1
copy-assignment,1
(E_INTERNAL_SETTING_LIST_GROWTH_PERCENTAGE),1
ISerializer.h,1
\95,\,1
addr,1
addressed,1
DX11Base.h,1
[UtilitiesTest],1
Factory,1
identify,1
SimpleVertexUpdater.cpp,1
switching,1
IndexedVertexUpdater.h,1
D3DXMatrixRotationYawPitchRoll,1
cleared,1
\std::qsort(&intArrayStd[0],\,1
features,1
29.4395%,1
1310,1
IVertexLayout::Descriptor,1
20.0843%,1
\ePointNearTopRight,\,1
save,1
pStr),1
Non-signaled,1
us,1
\//sampleApp.Initialize(800,\,1
\a14,\,1
map2;,1
frames,1
[86.2494,1
Graphics::Scene::SceneManagerProvider,1
mark,1
(E_INTERNAL_SETTING_MAP_MAX_OCCUPANCY_PERCENTAGE),1
condition:,1
Material:,1
E_DEBUG_MSG,1
possibility,1
15-Aug-2014,1
etc.),1
(comment,1
dwError,1
\buffer"\\,1
15374.5%,1
(j,1
\DXGI_FORMAT_R24_UNORM_X8_TYPELESS,\,1
communicate,1
GetRotationVectorZ(),1
\"\circular\,1
(S),1
operator>>(ISerializer&,1
S,1
routes,1
Insert(KeyType,1
\step,\,1
Private,1
20-Aug-2014,1
ClampToSign,1
CarFactory,1
\renderDepthToTextureUpdater.Initialize(app.CreateChildWindow(640,\,1
\-CrossProduct(b,a)\,1
\std::sort_heap(intArrayStd.begin(),\,1
IWorld.h,1
-22.8118%,1
\65535)),\,1
Frustum.h,1
use:,1
unbinds,1
sRGB),1
article,1
IShader.h,1
OnEvent,1
i),1
Iterate,1
MinMax(Vector3<T>&,1
11-Oct-2014,1
Event.cpp,1
99.9f;,1
Translation,1
dimension,1
\definition,\,1
latter,1
E:Atomic,1
\DXGI_FORMAT_R32G32B32A32_FLOAT,\,1
16-Feb-2010,1
accessed,1
IndexedInstanceVertexUpdater.cpp,1
(if,1
warning(disable:,1
MyEvent*,1
end(viewState.objectList);,1
hash-table,1
Device.cpp,1
problem,1
strict,1
Threads::Global::GetThreadPool().CleanUp(),1
later,1
notifies,1
MaterialSample.h,1
3895.33,1
finally,1
58.275,1
http://algs4.cs.princeton.edu/21elementary/,1
relying,1
(with,1
understood,1
\rX,\,1
Did,1
[82.6293,1
real,1
(amount,1
[727.506,1
KeyDownEvent,1
static_cast<float>(mViewportDescriptor.width),1
LightSample.cpp,1
79943.1%,1
156.985%,1
kBycicleId);,1
unwanted,1
program,1
\1),\,1
Types.h),1
MyClass(),1
WaitForItem(),1
leaks,1
\VRAM)),\,1
Irfan,1
CorePch.h,1
Objects,1
(cosOmega,1
SetName(),1
(eTexture2DFile),1
IsValid(U32,1
-2.35277%,1
\minLod,\,1
Memory::GlobalAllocatorProviderAPI,1
Memory::Global::GetAllocatorProvider().SetAllocator(Graphics::Global::GetAllocator());,1
corruption,1
(CPU,1
PlatformTypes),1
WeakPtr.cpp,1
\static_assert(PodTypeTraits<KeyType>::value,\,1
(for,1
\frame,\,1
DX11BlendState.h,1
98,1
PushBack),1
DX11RenderTarget.cpp,1
slot,1
arithmetic,1
std::vector),1
GCPtr:,1
IObjectInstance&,1
Size),1
coped,1
Service,1
MAX_PATH,1
specializing,1
[79.2032,1
//mCutOffAngle,1
going,1
among,1
variables),1
0.255394%,1
IEvent&,1
mSceneManager->GetWorld()->Load(mLightSpot[0]);,1
apply,1
spCustomIBoo2,1
E_ELEMENT_COUNT(a)),1
Archive.h,1
1e-6,1
WStringBuffer,1
\identifier,\,1
IntrusivePtr.cpp,1
thread-related,1
eFormatHalf,1
(*cit).first,1
mView->GetViewState().camera,1
significantly,1
intrusive,1
prevents,1
GExampleClass,1
291.781],1
Obtain,1
ones,1
hashed,1
pre-multiplied,1
default-initialized,1
290.01,1
rightIndex),1
754,1
QuickSortDualPivot,1
currently,1
modification),1
VehicleFactory;,1
LightPointSample.h,1
DX11Shader.h,1
written,1
(implemented,1
winApp.Run();,1
FocusLostEvent,1
DebugWindow.cpp,1
DXGI_FORMAT_R8G8B8A8_UNORM,1
Jul,1
\a23,U\,1
\(xNew,\,1
strPattern;,1
Jeroen,1
DeleteDirectory(const,1
IRenderManager.h,1
[77.1256,1
\file,\,1
-0.0263303%,1
\E_DEBUG_MSG("\MemoryHelper::Create\,1
22-Feb-2010,1
(1,1
dedicated,1
satisfied:,1
FrontFaceStencilPass,1
monitor-video,1
(E_INTERNAL_SETTING_STRING_SIZE),1
\code,\,1
(performed,1
Operator[],1
1997,1
(prudential),1
Extraction,1
\times,\,1
mathematic,1
endIndex,1
(+4.72599,1
Determine,1
hashable,1
StringImpl.h,1
definable,1
\string"\;\,1
(CAS),1
complementary,1
change,1
InstanceVertexUpdater.h,1
eOpenModeRead,1
RemoveIf,1
[STL],1
mView->GetViewState().frameBuffer,1
lightSpotShadowComponent1,1
Stencil,1
took,1
FILE_ATTRIBUTE_DIRECTORY),1
portions:,1
\PopBack,\,1
linked,1
AxisW();,1
equals,1
IConstantBuffer.h,1
rX,1
15498.3%,1
Archive.cpp,1
preSizedIntList,1
indexed,1
0.001f;,1
XmlSerializer::Impl.cpp,1
cylinder),1
\b(20,\,1
controlled,1
twice,1
Distance.h,1
GetBack,1
(can,1
E_ASSERT_PTR(object->GetComponent(IObjectComponent::eComponentTypeRenderable));,1
mLightSpot[1]->SetColor(Graphics::Color::eBlue);,1
k;,1
ILogicComponent.h,1
\E::SharedPtr<Boo,\,1
StringSerializer.h,1
clear,1
Projection.h,1
Back,1
DX11Pipeline.cpp,1
(Allocation),1
Queue();,1
x64:,1
head,1
(use,1
mMesh->RemoveChildren();,1
-step;,1
reallocates,1
Twister,1
configuration,1
(SharedPtr,1
Violates,1
Viewing,1
computing,1
Transform.h,1
\DeleteDirectory(strFilePath,\,1
\then,\,1
03-Nov-2014,1
SDK),1
LogicComponent.h,1
Parameter,1
if(bDeleteSubdirectories),1
Factory.cpp,1
Threads::Global::GetThreadPool(),1
discard,1
aiming,1
eTitanium,1
E_PIMPL,1
either:,1
VertexFormatSample.cpp,1
50.0f));,1
identifiers):,1
\static_cast<PodType*>(Copy(pTarget,\,1
kinds,1
ByteSerializer.h,1
IDXGIAdapter,1
\DXGI_FORMAT_R8G8B8A8_UNORM,\,1
i*=2),1
b(4);,1
pitch);,1
E::Containers::List();,1
Knuth,1
/2,1
\0.05f,\,1
axes),1
startInstance,1
++j),1
captures,1
specifying,1
IndexedVertexUpdater.cpp,1
'L',1
Device.h,1
CarFactory;,1
E_ASSERT(sizeof(foo),1
that:,1
hInstance;,1
specializations),1
28-Sep-2014,1
ProxyAllocated:,1
eFormatUnsigned,1
map.size(),1
[482.007,1
headers),1
\"\Debug\,1
scope,1
Quaternion.cpp,1
__VA_ARGS__,1
job,1
strFilePath;,1
\Math::IsEqual(dxQ.x,\,1
(includes,1
fooPtr;,1
(IntersectionUtil),1
ObjectGroup.cpp,1
(translation,1
atomically,1
vec1,1
sphereMaterial->SetDiffuseColor(Graphics::Color(0.05f,1
separator,1
ValueType*,1
mShaderProperties.diffuse.r,1
SimpleVertexUpdater.h,1
(http://www.preshing.com),1
17406.6],1
\c(30,\,1
\rY,\,1
Singleton<ExampleClass>,1
timeStep:,1
\instanceVertexUpdater.Initialize(app.CreateChildWindow(640,\,1
[1016.81,1
Quaternion(U,1
02-Jul-2014,1
type),1
similar,1
\that,\,1
[86.8242,1
MDd,1
GrowPercentage,1
13.5709%,1
\!Math::IsEqual(transP.z,\,1
Matrix4.h,1
(Gpu,1
\a12,U\,1
effects,1
(Distance),1
Pop,1
LightShadowSample.cpp,1
callbacks,1
Hartmann,1
subdirectory,1
String.cpp,1
-50.0f));,1
262144,1
radians,1
iRC;,1
Broadcast,1
96.131,1
\a41,U\,1
StringBuffer.cpp,1
Explicit,1
Luna,1
Pyarali:,1
force,1
expect,1
Iteration,1
\solution,\,1
textures,1
MouseCameraSample.h,1
2010,1
non-zero,1
stdMap.size(),1
Platform.h:,1
registering,1
classes),1
loops),1
GDXDeviceContext,1
sp1,1
Cz,1
function),1
Destroys,1
segments,1
LightSample.h,1
Timer.h,1
0x7fffffff,1
WindowWindowProc,1
canvas,1
conformant,1
SampleApplication.cpp,1
-Tz,1
risking,1
[124.447,1
Go,1
1.87439%,1
\Foo,\,1
\&Subscriber::OnEvent>(EventB::kTypeId,\,1
optional,1
repetition,1
http://www.preshing.com,1
mShaderProperties.diffuse,1
Implementing,1
mView->GetViewState().camera->GetFrustum();,1
\files,\,1
Class,1
mislead,1
6348.16,1
eStageCount,1
\method,\,1
Transform:,1
[3.522,1
mLightCamera->SetProjectionType(ICamera::eProjectionTypePerspective);,1
towards,1
26747.8,1
FrontFaceStencilFail,1
offering,1
memorySize,1
\sizeof(I32),\,1
Mutex.cpp,1
(additive,1
right-handed,1
06-Nov-2014,1
22.9565%,1
far,1
values),1
lot,1
Find(KeyType,1
\a21,U\,1
future,1
[21.811,1
VertexFormatSample.h,1
success,1
E::Containers::Queue.cpp,1
list;,1
polymorphic,1
IObject::eObjectTypeCount;,1
method):,1
FactoryIDTypeTraits,1
viewports,1
total,1
Enabling,1
Hash.cpp,1
Bernstein,1
IFactory:,1
queues,1
ConstantBuffer.cpp,1
www.devarticles.com/c/a/Cplusplus/C-plus-plus-In-Theory-The-Singleton-Pattern-Part-I/4/,1
keeps,1
writes,1
MTd,1
signature,1
app,1
1e-6f));,1
IntersectRaySphere,1
dimensions,1
geometric,1
mWindowDescriptor;,1
winApp.Initialize(windowDesc);,1
mRight,1
21-Oct-2013,1
Preshing,1
HighlightSample.h,1
SceneManager.h,1
500,1
[529.304,1
sealed,1
(DLL),1
UpdateEvent,1
Conjugation,1
[836.574,1
...),1
\(Y,\,1
threshold,1
Douglas,1
GetAxisAndAngle(Vector3<T>&,1
legal),1
pInputManager->IsKeyDown(VK_SUBTRACT)),1
Application::IWindow::Descriptor&,1
E_ALLOCATOR_TAG(CustomNew),1
HeapSort,1
Publisher,1
versatility,1
D3D11_DSV_READ_ONLY_STENCIL;,1
'typename,1
(four,1
Pivot,1
SetRotationVectors(const,1
01-Mar-2010,1
46.121,1
change:,1
Link,1
PositionVertex,1
eFormatFloat3,1
like,1
(k,1
640;,1
[537.312,1
-5.00061%,1
\a22,U\,1
#endif,1
DX11Device.cpp,1
operator<<(ISerializer&,1
D3D11_DSV_READ_ONLY_DEPTH,1
q2);,1
project,1
dxQ2.z),1
semantic,1
Chained,1
Reserve(size_t,1
putting,1
signaled/broadcast,1
[6.986,1
material,1
Discards,1
DXGI_FORMAT_R8G8B8A8_UNORM_SRGB,1
matrix:,1
GetTranslation(),1
[87.2893,1
Render.h,1
Push-Pop,1
Matrix.cpp,1
Vector4.h,1
\static_cast<PodTypeTraits<PodType>::Type*>(Copy(pTarget,\,1
Directional,1
replacement,1
\("\rein\,1
17-Sep-2013,1
WorldState,1
290.45],1
$E::File::Date:,1
(especially,1
Collect,1
increment,1
array-like,1
gDX11ShaderIncludeHandler;,1
know,1
measure,1
exceptional,1
confuse,1
Render::Global,1
\I32,\,1
(assume,1
full,1
(sequential,1
considered,1
SRT,1
\indexedInstanceVertexUpdater.Initialize(app.CreateChildWindow(640,\,1
GCCounter:,1
mLightSpot[1],1
Minimum,1
\other,\,1
09-Aug-2013,1
\member,\,1
texturedMesh->SetVertexType(IMesh::eVertexTypeCompressedTexture);,1
were,1
(preferred,1
E_EXCEPTION_TYPE(CustomNew),1
http://www.devmaster.net/wiki/Ray-sphere_intersection,1
Transformation,1
Translate(T,1
destructors,1
mViewMatrix,1
TranslateX(T,1
IBufferInstance,1
Comparison.h,1
DeviceProvider,1
30,1
scales,1
implies,1
BuildPerspectiveLH,1
(automatic,1
LightSpot.cpp,1
sinR,1
IViewport.h,1
\-90.0f,\,1
(C++,1
included),1
InsertionSort,1
(while,1
\(Tue,\,1
vertexCount,1
ShaderStageState,1
-0.557439%,1
\InsertAt,\,1
comment,1
2),1
enter,1
QuickSort3Way,1
Assigns,1
Vector4();,1
Settings,1
DX11Pipeline.h,1
[8.85995,1
windowHandle,1
anyone's,1
result:,1
maxValue);,1
opposed,1
Pod,1
storage),1
6989.31%,1
0.025f,1
a;,1
DX11),1
sources,1
E_ALLOCATOR_TAG,1
maxAnisotropy,1
names,1
unknown,1
Input::InputManagerProvider,1
entryPoint,1
91.95,1
\&refcstrRootDirectory,\,1
(<,1
increases,1
Render::RenderManagerProvider,1
1.1);,1
STL),1
(type,1
&renderDepthToTextureUpdater);,1
\::FindFirstFile(strPattern.c_str(),\,1
getting,1
Perspective,1
CRITICAL_SECTION,1
space),1
\Memory::GenericFactory<Vehicle,\,1
Example,1
owns,1
+0100,1
\key,\,1
\called,\,1
cases:,1
(preferred),1
mean,1
GetRotationVectorX(),1
[131.901,1
SharePtr,1
|w|,1
kDX11TextureFormatTable[],1
example:,1
\q,\,1
distribution:,1
GCConcreteFactory:,1
Global::SetAllocator(Memory::IAllocator*,1
folder,1
assigned,1
affected,1
[11032.7,1
150,1
\mLightSpot[2]->SetAttenuation(0.0f,\,1
trick,1
pathList,1
(Direct3D,1
Middle,1
clamped,1
die,1
\Noll,\,1
VertexPrimitive.h,1
negating,1
mSceneManager->GetWorld()->Load(mLightSpot[2]);,1
MSVC,1
lowering,1
counter-clockwise,1
(greatest),1
\(X,Y,Z)\,1
macros-,1
(1.25,1
degrees,1
import),1
Landon,1
IObject.h,1
mDefaultRenderState.Clear();,1
ID3D11Debug*,1
DestroyWindow,1
Invert();,1
eCore.rc,1
TransformPoint(const,1
Vector.cpp,1
\Lock,\,1
Zijp,1
Pyarali),1
\"\Car"\;\,1
Children,1
transaction,1
ConditionVariable.h,1
windowDesc;,1
do),1
ALL,1
\bin,\,1
\Flag,\,1
PopBack(U32,1
ResourceBuffer.h,1
if(::RemoveDirectory(refcstrRootDirectory.c_str()),1
count),1
Linux,1
\(T),\,1
comparison:,1
58138.1,1
presented,1
shaders,1
operator<<(bool&,1
MouseDownEvent,1
KeyUpEvent,1
mSceneManager->GetWorld()->Load(uncompressedColorMesh);,1
10-Aug-2014,1
07-Jul-2014,1
Algorithm.cpp,1
adds,1
mLightSpot[2],1
[77.8924,1
iRC,1
Float,1
Assert.h,1
dxQ2.w));,1
http://www.csse.monash.edu.au/~lloyd/tildeAlgDS/,1
scaleMatrix;,1
eSilver,1
upon,1
\found,\,1
Flags,1
94,1
ViewportID,1
whatever,1
sRGB,1
\non-POD,\,1
TryCopy,1
FindIndex(const,1
Win32::Application::WindowDescriptor,1
Thread::Sleep(TimeValue::kOneMillisecond,1
der,1
-21.2004%,1
\eventPublisher.Bind<Subscriber,\,1
t;,1
Global::GetAllocator(),1
modelVersion,1
&Subscriber::OnEventA>(&subscriber);,1
Thread::WaitForTermination,1
29-Sep-2011,1
collisions,1
PositionTextureNormalVertex,1
converting,1
Cache,1
(fCos,1
inline),1
practice,1
ahead,1
IDType,1
flags),1
&FileInformation),1
pAllocator),1
neighboring,1
Using,1
Maximum,1
CreateWindow,1
size),1
does):,1
Partitioning,1
wrong,1
3227.32,1
Map();,1
[81.5222,1
unstable,1
(September,1
powerful,1
\&swapChainDesc,\,1
\Yaw,\,1
970.954%,1
OnEvent(const,1
GCGenericFactory:,1
declare,1
ThreadPool.h,1
XmlSerializer::Impl.h,1
strFilePath.erase();,1
Epsilon<T>),1
(namespace,1
NumericLimits,1
\min(max(128,0.25f\,1
Releases,1
difference,1
matrices),1
\window,\,1
specification,1
169.366%,1
\char*,\,1
MapHasher<Graphics::IDepthStencilState::Descriptor>,1
smallest,1
located,1
Frustum&,1
greater),1
\Compact,\,1
std::cerr,1
Algorithm,1
\!Math::IsEqual(transP.y,\,1
recycle,1
11.3449%,1
~DynamicArray();,1
ScaleX(T,1
reset,1
viewState),1
DX11Sampler.h,1
hashing,1
underlying,1
2012,1
m);,1
DynamicArray.cpp,1
*Starts,1
ConditionVariable.cpp,1
Small,1
kTypeId,1
29-Sep-2012,1
(Math),1
perspective,1
ScaleZ(T,1
units,1
E::Containers::Queue,1
increased,1
[74.5901,1
3x3,1
standards,1
[601.756,1
confusion,1
hierarchy,1
\"\\\*.*"\;\,1
TRUE);,1
\GDXDeviceContext->DrawIndexedInstancedIndirect(indexCount,\,1
\--------------------------------"\);\,1
limits,1
Transpose,1
frustum.GetBoundingSphere();,1
X64:,1
\(atomic64_cx8_32.S),\,1
thing,1
General,1
IntrusivePtr.h,1
w,1
\DXGI_FORMAT_BC1_UNORM,\,1
simple:,1
(whose,1
MyEvent,1
aCar,1
ObjectCore.cpp,1
Impossible,1
81073.9,1
point's,1
Element,1
mShaderProperties.diffuse.b,1
[3.814,1
\Math::Global::GetRandom().GetI32(minValue,\,1
Section,1
IAlllocator,1
Serialization.h,1
appears,1
\messages,\,1
RemoveValueFast(const,1
13-Feb-2014,1
&indexedInstanceVertexUpdater);,1
(-1=caller,1
themselves,1
mReturnCode,1
NoDepthWritesDSS,1
order),1
mRight);,1
\here,\,1
van,1
intrinsic,1
Graphics::IRenderTargetInstance,1
Stack();,1
ownership,1
[GpuTest],1
eAluminium,1
FILESYSTEM,1
FileImpl.cpp,1
mLightContext->GetDescriptor().colorTargets[0];,1
invokes,1
regardless,1
wisely,1
system..,1
9.122],1
IDepthStencilState.h,1
\32k,\,1
\DXGI_FORMAT_R32_FLOAT_X8X24_TYPELESS,\,1
3699.95%,1
Text.h,1
of:,1
results:,1
gaps,1
mUp,1
Glenn,1
stl_algo.h,1
Peter,1
Scaling,1
ITransformable,1
ex,1
roll),1
\"\\\"\\,1
Enterprise,1
ChildMeshSample.h,1
delegates,1
\Roll,\,1
rotate,1
cosR;,1
bigger,1
respects,1
mode,1
\count,\,1
24204.4%,1
DX11Viewport.h,1
\ePointNearBottomLeft,\,1
::FindClose(hFile);,1
mLightSpot[0],1
WaitForTermination(),1
\EventHandlerClass,\,1
\vehicleFactory.Register(&theCarFactory,\,1
Right,1
purposes,1
recover,1
dynamic_cast,1
implementation:,1
\mLightSpot[0]->SetPosition(Vector3f(50,\,1
bDeleteSubdirectories);,1
uncompressedColorMesh->SetVertexType(IMesh::eVertexTypeColor);,1
InstanceVertexUpdater.cpp,1
21.9012%,1
tells,1
protect,1
22-Sep-2014,1
E::SharedPtr<Bar>,1
IResource.h,1
natively,1
commands,1
\"\Bicycle"\\,1
RenderManagerProvider,1
Manual,1
vert0,1
MD,1
kBycicleId,1
cmpxchg8b,1
interior,1
if(FileInformation.dwFileAttributes,1
\&Subscriber::OnEvent>(EventC::kTypeId,\,1
IsUnique,1
completed,1
06-May-2014,1
\"\Iterations:\,1
\"\G"\\,1
valid),1
ISampler.h,1
Conversions,1
instanceCount,1
DX11DepthStencilState.cpp,1
\!Math::IsEqual(transP.x,\,1
retrieving,1
While,1
almost,1
perfectly,1
ECX:EBX,1
[1173.06,1
IObjectComponentInstance,1
fix,1
override,1
eye,1
calling:,1
Win32::Application,1
\Text::Utf8ToWide(&wfilePath[4],\,1
Memory::IAllocator,1
hFile,1
memory),1
mSceneManager->GetWorld()->Load(mLightSpot[1]);,1
Text::GetLength<MyCharType>(pStr);,1
declaring,1
kCarId);,1
4127),1
freeing,1
if(!bSubdirectory),1
6;,1
operated,1
kMotorbikId);,1
dxDepthStencilViewDesc.Flags,1
flavored,1
greatest,1
eFormatUnsignedColor,1
\mViewportDescriptor.height,\,1
theBicycleFactory;,1
defer,1
47.622,1
X86,1
qRotation.GetRotation(rotationMatrix);,1
Transform<T>,1
optimization,1
1458.67],1
mag01[x],1
definitively,1
E::Containers::Stack,1
\ME,\,1
Same,1
-6.41003%,1
Although,1
invariance,1
\DXGI_FORMAT_BC3_UNORM,\,1
DX11ShaderIncludeHandler,1
WaitForTermination()),1
E_ASSERT_MSG_THREAD_RUNNING,1
8.37534%,1
publishing,1
20627.1%,1
PlatformBase.h:,1
kDX11RenderableTextureFormatTable[],1
Heapify,1
57332.9],1
(friend,1
\renderTestApp.Initialize(512,\,1
regard,1
SharedPtr.cpp,1
[13071.6,1
Checks,1
spCustomIBoo2;,1
decrease),1
View.cpp,1
E_STATIC_ASSERT_MSG_TYPES_IS_POD(KeyType));,1
helpful,1
\uncompressedColorMesh->Translate(Vector3f(100.0f,\,1
-cy,1
represent,1
Usenet,1
25-Jun-2013,1
mRunningMutex,1
Atomic::Impl.h,1
\success,\,1
\TimeRemoveBoth(i,\,1
164.384,1
(32,1
startVertex,1
\"\heapifying"\\,1
\a33,U\,1
magnitude,1
\mLightSpot[1]->Rotate(Vector3f(45.0f,\,1
SetIdentity();,1
ISceneManager.h,1
appearing,1
There's,1
CameraHandler.cpp,1
Graphics.cpp,1
223.461%,1
exists,1
22.1425%,1
Partial,1
\array,\,1
vehicleFactory;,1
Unnamed,1
LogicComponent.cpp,1
events:,1
corresponds,1
multiplying,1
\intList.erase(std::remove(intList.begin(),\,1
Computing,1
if(dwError,1
convertible,1
\(C99,\,1
\DXGI_FORMAT_BC2_UNORM,\,1
13-Jan-2014,1
14.7.3/2:,1
RenderTestApplication.cpp,1
p',1
(being,1
ObjectGroup.h,1
if(EDX:EAX,1
EnginePch.h,1
Singleton<AllocatorProvider>::GetInstance().GetAllocator();,1
IDevice.h,1
E_DEFINE_SINGLETON_ONLY,1
referencing,1
GetDepthTexture(),1
maximize,1
\granularity,\,1
exceeds,1
\Math::IsEqual(dxQ.w,\,1
little,1
oldPair,1
uncompressedTexturedMesh,1
deines,1
intend,1
static_assert,1
15:46:15,1
ConcreteFactory:,1
mLightSpot[2]->AddComponent(lightSpotShadowComponent2);,1
s,1
byte),1
\E::Containers::List<I32,\,1
IResourceBuffer.h,1
<class>,1
facts,1
broadcast,1
radii,1
GetTop,1
Vector3<T>*,1
a[10],1
trap,1
Mutex.h,1
hard-coded,1
OS),1
[19.6709,1
Matsumoto,1
customizable,1
allocating,1
05-Jan-2014,1
FileInformation;,1
arrival,1
maxOperationCount,1
\intended,\,1
&FileInformation);,1
advised,1
Atomic<U64>,1
Daniel,1
beating,1
project),1
inlined,1
20;,1
enforce,1
SP1,1
0.939274%,1
(an,1
M,1
-24.6895%,1
something,1
dll,1
Light.cpp,1
Critical,1
(E_DECLARE_SINGLETON_ONLY,1
PositionNormalVertex,1
Further,1
Slerp(const,1
weird,1
frequency,1
E_DEFINE_SINGLETON_ONLY),1
SetRotationY(T,1
\maxLod,\,1
\a24,\,1
Vista,1
ILight.h,1
if(iRC),1
task),1
9],1
GetKey(ConstIterator,1
LightSpotSample.cpp,1
TranslateZ(T,1
terms,1
&instanceVertexUpdater);,1
manual-reset,1
mLightSpot[1]->SetCutOffAngle(mCutOffAngle);,1
5;,1
(a,1
pre-define,1
corrected,1
Thus,1
executes,1
mSceneManager->GetRenderer()->SetSlopeScaledDepthBias(0.0001f,1
\DXGI_FORMAT_R32G32B32_FLOAT,\,1
[11010.2,1
TRUE,1
E_ASSERT_MSG(!(::GetFileAttributes(wfilePath.GetPtr()),1
Quaternion<T>::SetRotation(T,1
padded,1
half,1
log2(length),1
solve,1
mLook);,1
Queue(U32,1
CameraHandler.h,1
058-Jan-2014,1
1024,1
Graphics::IDevice::eDeviceTypeDX11,1
ULARGE_INTEGER,1
\3.4,\,1
Executes,1
static_cast<F32>(mTimer.Reset().GetMilliseconds());,1
rest,1
to:,1
templates,1
Input::DeviceProvider,1
nice,1
uncompressedColorMesh,1
Musser,1
E::StringBuffer,1
TheCarFactory;,1
7476.97,1
mShaderProperties.diffuse.g,1
SYSTEMTIME,1
axes,1
120,1
numeric,1
v[2],1
\while(::FindNextFile(hFile,\,1
rasterStateDesc.slopeScaledDepthBias,1
-18.3709%,1
orthographic,1
\ePointFarTopRight,\,1
pDXDebug;,1
\'"\'\,1
28-Apr-2014,1
nullInstance;,1
\//sampleApp.Initialize(1280,\,1
v[0],1
qualifies,1
started,1
DX11RasterState.h,1
clearly,1
www.cs.wustl.edu/~schmidt/win32-cv-1.html,1
\-100.0f,\,1
mySerializer,1
undefined,1
Bail,1
back),1
Median3,1
E::Containers::Map,1
MapHasher<Graphics::IRasterState::Descriptor>,1
shown,1
[18.833,1
(nanoseconds),1
\minute,\,1
mMt,1
5.65017%,1
casted,1
SGI,1
Memory.h,1
Front,1
5.56842%,1
limited,1
dxQ2.x),1
mRight.Normalize();,1
ANSII,1
lean,1
\Fowler,\,1
Vector3.h,1
dxDescriptor.AlphaToCoverageEnable,1
compare-and-swap,1
mWorld->GetWorldState().objectList[object->GetObjectType()].PushBack(object);,1
\r,\,1
-14.1344%,1
CompressedPositionNormalVertex,1
1e-7,1
[20.065,1
participating,1
\"\The\,1
(+0.145986,1
\renderToTextureUpdater.Initialize(app.CreateChildWindow(640,\,1
contexts,1
Product:,1
mDepthTexture;,1
surrounding,1
properties,1
(+6.913,1
GetFront(),1
Car>,1
[0.896,1
Lozada-Benaventee,1
enforces,1
schedule,1
int*,1
ignored),1
720);,1
neighbor,1
a[0],1
web,1
GetKey(Iterator,1
F,1
Instance,1
contain,1
round-off,1
[83.007,1
completely,1
(conversion),1
shadowView->Update(0);,1
Comparison.h),1
Deallocate,1
(leftIndex,1
(has,1
method:,1
equal;,1
Alignment,1
hiding,1
inter,1
art,1
\_beginthreadex,\,1
\QuickSort,\,1
resized,1
TextureVertexUpdater.cpp,1
broken,1
Render::DeviceProvider,1
strPattern,1
\transP2.x,\,1
E_ELEMENT_COUNT,1
care,1
Trigonometric,1
Event.h,1
31-Dec-2013,1
Dual-Pivot,1
if(::DeleteFile(strFilePath.c_str()),1
\1.0f,\,1
\"\Bicycle"\;\,1
E_ALLOCATOR_TAG(CustomDelete),1
privately),1
float,1
mLightSpot[1]->SetRange(200.0f);,1
OnLoad,1
Curt,1
IVertexLayout.h,1
Random,1
sized,1
IRenderer.h,1
Raise,1
InputImpl.h,1
formattedConditionFailureMessageStr;,1
hits,1
Graphics::Global::SetAllocator(Memory::Global::GetAllocator());,1
E::Containers::Map.cpp,1
\"\g"\\,1
CompressedPositionColorVertex,1
commented,1
alters,1
(alpha,1
-0.025f,1
ISceneSample.h,1
Threads::Global::GetThreadPool().WaitForItem(),1
safer,1
(AbstractType),1
594.45],1
m),1
recompilation,1
\"\A\,1
intList,1
&indexedVertexUpdater);,1
RenderManager.cpp,1
interface:,1
480;,1
Reorganize,1
\however,\,1
eFormatHalf4,1
0.00818807%,1
eCopper,1
Must,1
relationships,1
slopeScaledDepthBias,1
constructed),1
triangles,1
\q1,\,1
RotateY(T,1
median-of-3,1
deserialization,1
MAX_PATH),1
normal,1
~Stack();,1
167.12,1
\a42,U\,1
\Besides,\,1
-3.47552%,1
BuildPerspectiveRH,1
-----------------------------------------------------------------------------------------------------------------------,1
(spatial,1
three,1
\mLightCamera->SetNearFar(1.0f,\,1
IRenderable,1
18.053%,1
World-View-Projection,1
6089.03,1
\Luna,\,1
copied,1
DepthWriteMask,1
\uncompressedTexturedMesh->Translate(Vector3f(100.0f,\,1
TEST_SIZE);,1
asserted,1
\IObjectInstance,\,1
Car,1
Klaus,1
7.74871%,1
//mSceneManager->GetRenderer()->SetSlopeScaledDepthBias(0.0001f,1
disabling,1
maxOperationCount;,1
inspired,1
\Failed!"\\,1
Vectorial,1
Signed,1
notoriously,1
Just,1
StencilReadMask,1
MinMax(Vector4<T>&,1
2003),1
GetAllocator(),1
map;,1
array:,1
appear,1
publisher.Unbind(&subscriber);,1
LightSpotSample.h,1
Mesh.cpp,1
\Matrix4f::RotateVector(shadowView->GetWorldMatrix(),\,1
his,1
[14.413,1
GraphicsTestPch.cpp,1
\leaks,\,1
ambient,1
rX.SetRotationX(pitch);,1
SHOULD,1
28-Oct-2014,1
\container,\,1
facet,1
Core,1
\Vector3f::Cross(mLook,\,1
products,1
IsComInitialized,1
\intList.end(),\,1
2012),1
http://www.drdobbs.com/cpp/a-base-class-for-intrusively-reference-c/229218807?pgno=1,1
(dual,1
IMaterial.h,1
indicating,1
minimizing,1
GraphicsPch.h,1
security,1
conflict,1
pointer),1
E::Containers::List,1
Destination,1
translationMatrix;,1
IRasterState.h,1
specifics,1
closest,1
GpuInputDescriptorList,1
mRenderManager->Bind(mShaders[eShaderIDLitDirectDiffuseMap]);,1
Matrix4();,1
(2001),1
resolution,1
b;,1
programmable,1
externally,1
focus,1
I64,1
PhongSample.cpp,1
\Window"\;\,1
eFormatFloat,1
exact,1
implementations(depending,1
remember,1
colCount,1
Gil,1
(promote,1
\ePointFarTopLeft,\,1
\OnLoad,\,1
Registers,1
Identity();,1
IAllocator:,1
(until,1
[81.3454,1
Camera.cpp,1
Singleton<ComValidityScope>,1
2733.59%,1
20.498],1
20),1
IRenderTarget.h,1
\templates,\,1
serves,1
WinConditionVariableImpl.cpp,1
storing,1
1238.73%,1
subscribing,1
non-aligned-memory,1
mutable),1
\E_ASSERT_MSG_FILESYSTEM_PATH_NOT_DIRECTORY,\,1
WIN32_FIND_DATA,1
instancing,1
\interface,\,1
Every,1
3;,1
16.0GB,1
DX11BlendState.cpp,1
Thread::Start),1
Plane.h,1
http://code.google.com/p/smhasher/wiki/MurmurHash3,1
en.wikipedia.org/wiki/Mersenne_twister,1
IsRunning,1
(null,1
plug-ins),1
std::max,1
590.199],1
mWorld->GetWorldState().objectList[i].Clear();,1
existent,1
[96.0573,1
65536,1
type:,1
v(4);,1
redirected,1
mRenderManager->Bind(mRasterStates[eRasterStateIDDepthBias]);,1
simply,1
mLightSpot[2]->SetRange(200.0f);,1
Djb2Hash,1
Begin,1
[3.811,1
AbstractType-derived,1
dies,1
Pixel,1
PhongSample.h,1
changing,1
upload,1
SimpleVertexUpdater::GetDescriptor(),1
49.632,1
[443.178,1
proxy,1
sleep,1
slower,1
vehicle,1
\vx,\,1
omitted,1
17458.2],1
Like,1
Height,1
IView.h,1
atan(fov,1
made,1
(terminate,1
purpose),1
disable,1
instances:,1
simpleVertexUpdater;,1
ShadowComponent.h,1
yet,1
SharedCount,1
true),1
numerator,1
containers,1
guard,1
gamma,1
DX11VertexLayout.cpp,1
Modify,1
cyclic,1
E_EXCEPTION_TYPE,1
View.h,1
strongly,1
\ePointFarBottomLeft,\,1
(pInputManager->IsKeyDown(VK_ADD),1
AffineInvert();,1
allocator:,1
Render.cpp,1
ePointCount,1
02-Feb-2015,1
J,1
(+2.09101,1
a[3],1
pattrn,1
descriptor,1
IShaderPipeline.h,1
LightSpotShadowSample.h,1
somePool.WaitForIdle();,1
std::abort();,1
gives,1
BackFaceStencilFail,1
EDX:EAX:,1
j);,1
ok,1
GraphicsTestPch.h,1
ResourceBuffer.cpp,1
\function,\,1
architecture),1
wfilePath.GetLength(),1
LightShadowSample.h,1
Cross,1
E_DEBUG_MATRIX4(projectionMatrix);,1
(evaluating,1
eFormatFloat2,1
NTFS,1
(API,1
asserts,1
multi-sampling,1
[1508.78,1
growthFactor);,1
Why,1
plain,1
E_DEBUG_BREAK_MESSAGE,1
mLightSpot[2]->SetCutOffAngle(mCutOffAngle);,1
hide,1
HighlightSample.cpp,1
DX11Sampler.cpp,1
Computes,1
Info,1
notifying,1
runtime,1
String.h,1
worth,1
(+0.806551,1
\borderColor,\,1
rightIndex,1
re-allocated,1
none,1
attempt,1
&textureVertexUpdater);,1
consistently,1
reallocation,1
[27.471,1
started),1
Therefore,1
RemoveValue(const,1
MaterialSample.cpp,1
shuffling,1
Path.h,1
rY,1
\constructor),\,1
-farZ,1
sense,1
GenerivEventPublisher,1
mName,1
GetInstance,1
planes;,1
see,1
aut_ptr,1
(CPU),1
sections,1
effect,1
Memory::Zero(&mMaterial);,1
8>,1
finishes),1
instead;,1
_MSC_VER,1
Retrieves,1
E_ARGS),1
aas,1
GetSeconds,1
mViewMatrix;,1
SetRotationBetweenVectors(const,1
a[1],1
mMesh->SetParent(childMesh);,1
Phong,1
Usage:,1
IntrusiveReferenceCounter<Foo>,1
Factories,1
\95/98/Me,\,1
IObject::eObjectTypeLight),1
Granularity,1
\"\S"\\,1
1048576,1
Source:,1
mLook.Normalize();,1
pump,1
tested);,1
996.743,1
optimization:,1
|,1
100.0f);,1
lpParameter,1
PositionTextureVertex,1
SetScale(const,1
\100.0f,\,1
uncompressedTexturedMesh->CreateQuad(100.0f);,1
\fact,\,1
\nonPodArray.Copy(nonPods,\,1
submit,1
(setting,1
clean,1
\45.0f,\,1
catch,1
trimmed,1
'E_SETTING_',1
(tracked,1
initialise,1
Memory::ConcreteFactory,1
operator~(),1
fooManager.Destroy(sp1);,1
orthogonal:,1
accessing,1
inherit,1
[31.075,1
\vehicleFactory.Register(&theMotorbikeFactory,\,1
initial,1
spot,1
\matrix,\,1
Singleton.h,1
GpuInputDescriptor,1
ForwardRenderer.h,1
FrontFaceStencilFunc,1
kPresetSpecularColorTable[id];,1
rotationMatrix,1
Atomic<U32>,1
Array.cpp,1
\//transformBuffer->Set(0,\,1
\CrossProduct(a,b)\,1
TriangleSample.h,1
sent,1
929.645,1
\tasks,\,1
scan,1
decide,1
02-Dec-2011,1
Pair.h,1
co-prime,1
Threads::Global::GetThreadPool().CleanUp(true),1
etc,1
\ePointNearTopLeft,\,1
boundingSphere,1
\intArrayStd.size(),\,1
improves,1
GetRotationVectorY(),1
\"\s"\\,1
map.Resize(8);,1
Lerp(const,1
guaranteed,1
renderTestApp;,1
mipLodBias,1
RandomNumberGenerator.h,1
ViewState&,1
'.'),1
MapHasher<KeyType>',1
\MyEvent,\,1
next,1
pairs,1
[5.184,1
\"\Car"\\,1
Vector3f,1
template:,1
returning,1
non-static,1
Two,1
StencilWriteMask,1
sin,1
tracked,1
mRenderCommand.Clear();,1
\Windows,\,1
Filepath,1
http://preshing.com/20111124/always-use-a-lightweight-mutex/,1
Sergey,1
let,1
More,1
Fill(const,1
RenderManager.h,1
I32),1
loses,1
38.6763%,1
8],1
avoided,1
14.8238%,1
Keeps,1
CleanUp(true),1
strFilePath,1
-0.00246167%,1
compiler,1
shallow-copy,1
somePool.AddItem(&someTask);,1
2573.35],1
relevant,1
resolves,1
Threads::Global::GetThreadPool().CleanUp(ture,1
2203],1
SetRotationX(T,1
outside:,1
wfilePath,1
Vector2<T>*,1
http://msdn.microsoft.com/en-us/library/windows/desktop/ff819065%28v=vs.85%29.aspx,1
limitations,1
path.GetLength());,1
Mutex::Lock,1
ChildMeshSample.cpp,1
RemoveFast(U32,1
Composite,1
map);,1
\"\Motorbike"\,\,1
SceneManager.cpp,1
AlignedAllocator:,1
pointers),1
edges,1
53991,1
26-Jan-2010,1
wfilePath.GetPtr(),1
ViewState,1
a44);,1
GCGenericFactory.h,1
(E_INTERNAL_SETTING_PATH_SIZE),1
advanced,1
hardware,1
\itself,\,1
\(Copy,\,1
600);,1
22-Jul-2013,1
Terminates,1
ISceneSample,1
xDelete),1
viewState.frameBuffer;,1
\&Subscriber::OnMyEvent>(MyEvent::kTypeId,\,1
10.1501%,1
primary,1
IsPod,1
deserialize,1
perpsective,1
InputManagerProvider,1
24-Jan-2014,1
MouseUpEvent,1
\DXGI_FORMAT_R16_FLOAT,\,1
[497.222,1
nature,1
parenthesis,1
\interpolations,\,1
(executable,1
rings,1
&simpleVertexUpdater;,1
LightPoint.cpp,1
InputManager.h,1
E::StringBuffer.cpp,1
Nishimura,1
E_ASSERT_ALWAYS,1
Gribb,1
vehicles,1
Extract,1
reallocate,1
ease,1
1/2,1
card,1
*reinterpret_cast<U32*>(&value);,1
j),1
(starting,1
5528.49%,1
area;,1
\"\outside\,1
VertexState,1
vector),1
Heap.h,1
Base,1
structuring,1
PositionColorVertex,1
Math.h,1
pDXDebug->ReportLiveDeviceObjects(D3D11_RLDO_DETAIL);,1
(temporary,1
std::cin.get();,1
Material.h,1
typeId>,1
\Swap(E::Containers::List<T,\,1
SetLength,1
\"\\nExpression:\,1
IsRelativelyEqual,1
0.0f,1
Removes,1
cz;,1
2.83683%,1
Compiler,1
Win::Global,1
kWinPathBeginTokenWstr;,1
shadowView->SetPosition(boundingSphere.GetOrigin(),1
choice,1
Callback),1
rearranges,1
E_DEBUG_MATRIX4(viewProjectionMatrix);,1
behavior:,1
CharList.h,1
solution),1
\IsEqual,\,1
differentiate,1
Intel,1
=>,1
KeyType>,1
compare_ints);,1
old,1
past,1
ITexture2D.h,1
(10,1
GetRenderTarget(),1
a[2],1
colors,1
Correct,1
moderate,1
components,1
[378.788,1
Destination),1
Light.h,1
(such,1
(GetNext,1
6.75088%,1
\Math::Global::GetRandom().GetI32(-65535,\,1
Close,1
locally,1
X86:,1
ContainerTest.h,1
GetTop(),1
586,1
Vector3&,1
follows:,1
scaleMatrix.SetScale(scale);,1
(Static,1
\t,\,1
translates,1
SetPoints,1
[0.897,1
mLightSpot[0]->SetRange(200.0f);,1
Thread::Impl.h,1
specialize,1
GetRotation(Matrix4<T>&,1
eFormatFloat4,1
RotateX(T,1
Strings,1
m[8],1
uncompressedColorMesh->CreateTriangle(100.0f);,1
depend,1
exited,1
CharArray.h,1
Vector2.h,1
leaks),1
E_ASSERT(PodTypeTraits<PodType>::value);,1
enforcement:,1
MeshHelper.cpp,1
\or,\,1
[523.526,1
MouseCameraSample.cpp,1
heapsort,1
IInputManager.h,1
OnMyEvent(const,1
'template<typename,1
eExceptionTypeCount,1
presenting,1
Serialization.cpp,1
3000.01%,1
(ObjectCore,1
Limits,1
HeapImpl.h,1
15.386],1
\a(4),\,1
major,1
IShadowComponent.h,1
\Z),\,1
25-Sep-2011,1
XmlSerializer.cpp,1
fashion,1
http://x86.renejeschke.de/html/file_module_x86_id_42.html,1
\access,\,1
DepthStencilState,1
subdirectories,1
lightSpotShadowComponent0,1
2.15791%,1
E_DELETE,1
mInputManager->Update();,1
TestMap,1
mLightContext;,1
Refer,1
(inherited,1
\FILE_ATTRIBUTE_DIRECTORY),\,1
\list,\,1
orphan,1
vec2,1
respectively,1
Handle,1
Disable,1
mLightSpot[0]->SetCutOffAngle(mCutOffAngle);,1
E_CAST,1
keyboard,1
E_DECLARE_SINGLETON_ONLY,1
notified,1
square,1
-15.2797%,1
preselect,1
handness,1
triplet,1
multi-byte,1
World.h,1
-0.309968%,1
(assertion),1
Threads::Global,1
U*,1
\removal,\,1
EngineTestPch.cpp,1
\GDXDeviceContext->DrawInstancedIndirect(vertexCount,\,1
mLightSpot[2]->SetColor(Graphics::Color::eGreen);,1
mMesh->RemoveChild(childMesh);,1
-3.92916%,1
reinterpret_cast<void**>(&pDXDebug));,1
\depthBias,\,1
DX11Viewport.cpp,1
unimplemented,1
unlocked,1
(pInputManager->IsKeyDown(VK_SUBTRACT)),1
TryCopy(const,1
path.GetPtr());,1
IEvent.h,1
thread;,1
mCutOffAngle,1
EngineTestPch.h,1
text,1
\insert,\,1
gracefully,1
(samples:,1
DX11Device.h,1
(+7.202,1
fixed-size,1
SetIdentity(),1
66.2984%,1
OS,1
\values,\,1
(shadowComponent->GetOwner()->GetObjectType(),1
windowDesc.windowHeight,1
windowDesc.pWindowHandler,1
01-Feb-2014,1
pimpl,1
equation,1
9.02602],1
eFormatHalf2,1
EnginePch.cpp,1
\parameter,\,1
Vector4<T>*,1
matching,1
spCustomBoo2,1
uncompressedTexturedMesh->SetVertexType(IMesh::eVertexTypeTexture);,1
31.4825%,1
dwError;,1
situation,1
201.166%,1
dxQ2.y),1
RotateZ(T,1
(+8.627,1
pFunctionStr,1
rbga,1
cot(fov,1
\ePointFarBottomRight,\,1
deallocator,1
samples,1
wish,1
Aligned,1
convenient:,1
Quaternion();,1
maybe,1
BackFaceStencilPass,1
seed,1
pseudo-random,1
(3-way,1
field,1
reaches,1
1.53774%,1
E_EXCEPTION_TYPE(CustomDelete),1
16.1005%,1
\Zero(a,\,1
described,1
75.7371],1
errors,1
pubic,1
continue,1
-20.5243%,1
unloads,1
sizeof(IFoo*));,1
DX11RenderTarget.h,1
At,1
procedure,1
initialises,1
tail,1
violation,1
Text::GetLength,1
constructor:,1
pending-data-flag,1
(signaled,1
nullptr),1
(Allocate,1
cosCutOffAngle,1
map.GetCount(),1
ConditionVariable::Impl.h,1
\mCore.mpDXDevice->QueryInterface(__uuidof(ID3D11Debug),\,1
stats,1
himself,1
redefined,1
(Copy,1
TextureVertexUpdater.h,1
interpreted,1
hides,1
TextUtil.cpp.cpp,1
[59.256,1
re-try,1
mUp.Normalize();,1
invalidated,1
SetRotationZ(T,1
Classes,1
Third,1
till,1
DX11RasterState.cpp,1
Exception.h,1
Vehicle*,1
Planes,1
got,1
Graphics::ITexture2DInstance&,1
\diffuse,\,1
select,1
goes,1
Swap(DynamicArray&,1
[86.2759,1
\Vector3f::Cross(mUp,\,1
E_PLATFORM_ASSERT_CONDITION(a,1
near,1
21.4917%,1
GetFront();,1
Input.cpp,1
intersects,1
Discard,1
[4.66,1
non-cryptographic,1
(due,1
E::Containers::List.cpp,1
met,1
approach,1
hFile;,1
Vo,1
publisher.Raise(MyEvent());,1
(E_DECLARE_SINGLETON_FRIENDLY),1
\E_ASSERT_MSG(Math::IsRelativelyEqual(a,\,1
Top,1
mRunning,1
\mLightSpot[0]->Rotate(Vector3f(45.0f,\,1
DX11Texture2D.h,1
theta,1
\DXGI_FORMAT_R16G16B16A16_FLOAT,\,1
Manual-reset,1
ePlatinum,1
\IntrusiveReferenceCounter<Foo,\,1
taking,1
Subscriber,1
18.4903%,1
(E_INTERNAL_SETTING_QUEUE_GROWTH_PERCENTAGE),1
stage,1
obtain,1
Eloben,1
SetTranslation(const,1
BicycleFactory,1
(+7.777,1
cost,1
Thread::Impl.cpp,1
\degrees,\,1
taken,1
viewProjectionMatrix.Transpose();,1
lightVP,1
satisfied,1
looses,1
\24,\,1
Dual,1
capture,1
deprecated),1
(+6.21599,1
parent-child,1
version:,1
re-usage,1
unloaded,1
Stack(U32,1
threads),1
-sx;,1
Box3.h,1
configurable,1
(+5.17798,1
E::Containers::Stack.cpp,1
CAS,1
AbstractFactory:,1
SceneManagerProvider,1
E_GRAPHICS_DEFINE_SCENE_OBJECT_COMMON,1
Submit,1
Lock.h,1
(based,1
799MHz,1
GCStaticPtr:,1
calculating,1
processed,1
E_WARNING_IF,1
HasKey(KeyType,1
Regenerate();,1
Mutex::Unlock,1
singleton:,1
sync,1
map.Resize(20);,1
\collected,\,1
Singleton<AllocatorProvider>::GetInstance()..SetAllocator(pAllocator);,1
MapHasher',1
Amount,1
Working,1
partition,1
DX11VertexLayout.h,1
Currently,1
partitioning,1
Matrix4(U,1
SimpleHash<U32>::Hash(key),1
CoreTestPch.h,1
LightPointSample.cpp,1
GetName(),1
key);,1
freed,1
iterationCount,1
eNickel,1
callback,1
(MSVC,1
Generation,1
PodTypeTraits,1
100);,1
LightSpotShadowSample.cpp,1
Feel,1
4077.79%,1
CompressedPositionTextureVertex,1
Matrix4(const,1
succeeded,1
delayed,1
cleans,1
mapping,1
derivative,1
difficult,1
eMemoryTagCount,1
Makoto,1
deduction,1
rY.SetRotationY(yaw);,1
E_ASSERT_MSG_MATH_GREATER_THAN_ZERO_VALUE);,1
(List<Byte>),1
-----/*----------------------------------------------------------------------------------------------------------------------,1
\GCPtr,\,1
\Text::WideToUtf8(&path[0],\,1
\handle,\,1
Sphere.h,1
Threads::Global::GetThreadPool().WaitForIdle(),1
Sedgewick,1
\E::SharedPtr<IBoo,\,1
ShaderConstantRegister,1
*it;,1
observed,1
view),1
Transpose();,1
Random.cpp,1
3770,1
depthBiasClamp,1
(currently,1
Boolean,1
dependent),1
ICamera.h,1
SafeCastTest();,1
Base.h),1
\vy,\,1
\mOwner->SetPosition(Vector3f(0.0f,\,1
DEFINED,1
textureVertexUpdater;,1
http://www.codecodex.com/wiki/Heapsort,1
(atomic),1
std::endl,1
bitwise,1
m[9],1
11.847%,1
Professor,1
\mLightSpot[2]->Rotate(Vector3f(45.0f,\,1
incurs,1
Graphics::Scene::ShadowComponent::GetDepthTexture(),1
\path.GetPtr(),\,1
\vehicleFactory.Create("\Car"\);\,1
Client,1
\map,\,1
StoreRelaxed64,1
specially,1
IMesh.h,1
IsOrthogonal(),1
detection,1
Sunday),1
mutex:,1
held,1
mLightSpot[0]->SetColor(Graphics::Color::eRed);,1
publishes,1
weak_ptr,1
1188.08],1
mLightSpot[0]->AddComponent(lightSpotShadowComponent0);,1
export,1
IsValid,1
here,1
isolate,1
\std::make_heap(intArrayStd.begin(),\,1
squared,1
5-element,1
Bicycle>,1
(C++11,1
StringUtil.h,1
IGarbageCollector:,1
v[3],1
GpuBuffer,1
E_ASSERT_MSG(instanceCount,1
Constant,1
somePool;,1
Camera.h,1
\Math::IsEqual(dxQ.y,\,1
macro:,1
Provider,1
[31.054,1
DX11Core.h,1
Pattern,1
WaitForIdle,1
followed,1
pointer!,1
PlatformTypes.h:,1
indexedVertexUpdater;,1
Together,1
E_ASSERT(!FileSystem::Directory::Destroy(currentDirectory));,1
Vector3f::AxisZ());,1
-2.85529%,1
mProjectionMatrix;,1
FileInformation.cFileName;,1
lightSpotShadowComponent2,1
receive,1
IndexedInstanceVertexUpdater.h,1
DynamicArray(size_t,1
\quaternion,\,1
-element,1
Incorrect,1
2008,1
mShaderStage,1
(slerp),1
test),1
DDR3,1
translationMatrix.SetTranslation(position);,1
mLightSpot[1]->AddComponent(lightSpotShadowComponent1);,1
newsgroup,1
good,1
CompressedPositionTextureNormalVertex,1
(minimum,1
\&mCore.mpDXSwapChain,\,1
15-Jan-2014),1
front,1
Heap,1
Result,1
(GPU),1
command,1
1087.4,1
mWaitersCount,1
\rotations,\,1
Partition,1
&Matrix4f::Identity()[0]);,1
DepthEnable,1
map.SetMaxOccupancyPercentage(50);,1
childMesh->SetParent(nullInstance);,1
\D3D_FEATURE_LEVEL_9_x,\,1
100.0f;,1
textual,1
SetTranslation(T,1
bit),1
(although,1
\allowed,\,1
TranslateY(T,1
\4,\,1
12562.9],1
[100.455,1
FileImpl.h,1
VehicleFactory,1
portable,1
\way,\,1
multipliers,1
begin(viewState.objectList);,1
exclusively,1
ConstantBuffer.h,1
ElementDescriptorList,1
Reserved,1
managemnet,1
operator:,1
Such,1
Ticks,1
32-,1
ShadowComponent.cpp,1
EntryPoint::Run,1
DX11DepthStencilState.h,1
push,1
non-invertible,1
\equal,\,1
Atomic::Impl,1
(thread,1
InputManager.cpp,1
INVALID_HANDLE_VALUE),1
Vector2();,1
ForwardRenderer.cpp,1
\a34,\,1
E_DEBUG_MATRIX4(mViewMatrix);,1
FNV,1
modes,1
preserved),1
locking,1
native,1
#ifdef,1
logic,1
[746.938,1
\(FowlerNollVo),\,1
large,1
VLD,1
operator=,1
92325.8%,1
13.4521%,1
Viewport,1
Threads::ThreadPool,1
[11113.8,1
Pre-iterator,1
Vector3();,1
52.9868],1
IRenderTargetInstance&,1
particular,1
Unicode,1
46.991,1
denominator,1
std::min,1
Single,1
Specializations,1
cleanup,1
\buffers,\,1
Meyers,1
reducing,1
unbind,1
windowDesc.windowTitle,1
step));,1
\mLightSpot[1]->SetPosition(Vector3f(-50,\,1
(Thread,1
BarPtr;,1
3.40GHz,1
E_DEBUG_MATRIX4(viewMatrix);,1
(mCore.mpDXDevice),1
simulate,1
/<Thread,1
'R',1
characteristics,1
\devices,\,1
(before,1
title,1
Ax,1
Jeff,1
MinMax(Vector2<T>&,1
\Bicycle,\,1
(unsafe),1
vz);,1
ObjectCore.h,1
SignalObjectAndWait,1
viewState.camera;,1
efficient,1
winApp;,1
VITALLY,1
(+0.00591278,1
potentially,1
346.409%,1
[5.73199,1
\ePointNearBottomRight,\,1
One,1
DebugWindow.h,1
caller,1
-18.129%,1
CharTypeTraits,1
34-Jan-3014,1
i7,1
(max,1
RemoveFast(ConstIterator,1
data),1
Count,1
InsertAt,1
[4.917,1
23.2465%,1
\string,\,1
explorer,1
probe,1
Pre-calculate,1
/*,1
obtained,1
90.5,1
\mLightSpot[2]->SetPosition(Vector3f(-50,\,1
Translate(const,1
validity:,1
\"\\nLine:\,1
6.5.3.4),1
Color.h,1
mRenderManager->Bind(mShaders[eShaderIDLitDirect]);,1
pVldLeakTest,1
functions),1
Unregisters,1
\case,\,1
recursion,1
Bring,1
respected,1
18),1
WndProc,1
(Which,1
pSourceFileStr,1
DynamicArray();,1
modules,1
\correctly,\,1
boundingSphere.GetRadius());,1
910.156%,1
Notify,1
[469.172,1
Win32::ReleaseCom(pDXDebug);,1
intList.end());,1
\transP2.y,\,1
\-1),\,1
ECX:EBX;,1
1000.0f);,1
Vertices,1
DX11Shader.cpp,1
[90.816,1
\mLightSpot[i]->Rotate(Vector3f(0.0f,\,1
maps,1
cancels,1
Graphics::Global::GetRenderManager()->AddCommand(mRenderCommand);,1
plainly,1
OnUpdate,1
such:,1
(comparison),1
E_WARNING,1
Mesh.h,1
exactly,1
Put,1
SampleApplication.h,1
Frustum.cpp,1
CopyPod(const,1
subsystem,1
DefaultAllocator:,1
mRenderCommand(),1
11-Apr-2014,1
Wrong,1
Destination;,1
ExampleClass.h,1
Hence,1
DX11Buffer.h,1
kDX11MaxConstantBufferElementCount,1
c,1
Manager,1
ShaderResourceRegister,1
\pPair,\,1
child),1
[755.252,1
&renderToTextureUpdater);,1
\task,\,1
afterwards,1
LoadRelaxed64,1
Median,1
(when,1
E_MSVC_MIN_VERSION,1
1.1f;,1
StencilEnable,1
\"\Gpu\,1
Fourth,1
occupancy,1
916.945%,1
\Map<U32,\,1
RenderTestApplication.h,1
slice,1
Graphics::Scene::ForwardRenderer::LoadViewState(const,1
follows,1
RemoveFast(Iterator,1
if(hFile,1
Box2.h,1
-Ty,1
nVidia,1
\windows,\,1
SafeCast.h,1
IWindowHandler,1
(powerOf2Value,1
introduced),1
Rotate(T,1
1.1f);,1
\if(::SetFileAttributes(refcstrRootDirectory.c_str(),\,1
writing,1
normalization,1
kMatrixA,1
discouraged,1
unspecified,1
grant,1
composing,1
deletion,1
Matrix.h,1
Adds,1
According,1
validate,1
deallocated,1
(float),1
'M',1
largest,1
FALSE,1
safely,1
rasterStateDesc.depthBiasClamp,1
E::Time::Timer,1
AffineInvertTranspose();,1
(2654435761U),1
[80.5352,1
\Math::BuildPerspectiveLH(90,\,1
TriangleSample.cpp,1
recursively,1
(Map,1
\neighbor,\,1
stages,1
\wrong,\,1
launched,1
uncompressedTexturedMesh->SetMaterial(material);,1
creates,1
<AllocatorProvider>::GetInstance(),1
kDX11MaxBufferSize,1
initially,1
potential,1
helper),1
19,1
Entry,1
RemoveOwnership,1
BackFaceStencilFunc,1
supported),1
tha,1
\version,\,1
rays,1
aliasing,1
World.cpp,1
maxT's,1
implementation),1
3-way,1
\E_DEBUG_MSG("\MemoryHelper::Destroy\,1
distances,1
CloseHandle,1
y);,1
instanceBuffer;,1
After,1
companies,1
Locator,1
std::sort,1
leaking,1
\transP2.z,\,1
nullptr;,1
sizeof,1
MeshBuffer.h,1
Remove(U32,1
recursive,1
\present,\,1
contents,1
loaded,1
(decreases,1
Destructs,1
12-Feb-2014,1
mini-factories:,1
only:,1
eCobalt,1
referenced,1
2000,1
attempts,1
(U32),1
ever,1
\pool,\,1
\a11,U\,1
\a32,U\,1
nobody,1
Bottom,1
introsort,1
(2008),1
1.66905%,1
windowDesc.windowWidth,1
Existing,1
3.4,1
Fifth,1
pages,1
Method,1
finding,1
29-Oct-2011,1
further,1
[34.915,1
Vertex.h,1
PipelineState,1
Graphics::ITexture2DInstance,1
eChromium,1
DrawState,1
(StringBuffer),1
Negation,1
\"\\nFunction:\,1
VertexType,1
(DirectX,1
[78.8342,1
$E::Time::Date:,1
((condition),1
6062.52,1
eGraphics.rc,1
Left,1
ScenePipeline.h,1
saved,1
IUpdatable,1
Win32ThreadProc,1
(*cit).second,1
iterationCount;,1
hand,1
\std::map<U32,\,1
mSceneManager->GetWorld()->Load(uncompressedTexturedMesh);,1
ThreadException.h,1
recreate,1
resource!),1
IObjectGroupInstance,1
Insert(const,1
-10.0f));,1
mRenderCommand.pipelineState,1
BicycleFactory;,1
providing,1
~Map();,1
GraphicsPch.cpp,1
Successful,1
\publisher.Unbind<Subscriber,\,1
\mLightSpot[0]->SetAttenuation(0.0f,\,1
FindPair,1
threads;,1
writable,1
SetAllocator(IAllocator*,1
XmlSerializer.h,1
\------------------------------"\);\,1
produce,1
pre-multiplying,1
family,1
stopwatch,1
\"\\nFile:\,1
DX11Buffer.cpp,1
Disabled,1
IBlendState.h,1
7.22398%,1
ERROR_NO_MORE_FILES),1
stages),1
D3DX,1
programming,1
\a13,U\,1
\a31,U\,1
(+0.709681,1
MT,1
GLOBAL,1
Kills,1
matter,1
slope,1
impossible,1
size:,1
(content,1
plug-in,1
Unregister,1
independently,1
\vehicleFactory.Register(&theBicycleFactory,\,1
(non-POD,1
Graphics::Global::GetRenderManager()->GetDefaultRenderState();,1
if(FileInformation.cFileName[0],1
PC:,1
wfilePath.SetLength(path.GetLength(),1
goal,1
modifying,1
generator,1
position/distance,1
-sz,1
optimizing,1
negated,1
D3DXQuaternionRotationYawPitchRoll,1
intentionally,1
retrieved,1
rZ.SetRotationZ(roll);,1
(See,1
Generates,1
GCRef:,1
Takuji,1
mipmaps,1
0.1f;,1
delays,1
kCarId,1
\if(::SetFileAttributes(strFilePath.c_str(),\,1
\Vehicle,\,1
avoided:,1
spBoo;,1
Also,1
v[1],1
GetTop();,1
unregistering,1
developing,1
Material.cpp,1
GetFront,1
TODO:,1
reached),1
(assert),1
caused,1
\E_ASSERT_MSG(!Math::IsEqual(a,\,1
16-bit,1
Dual-Channel,1
(+6.11599,1
E_DEBUG,1
\"\"\)\,1
Identify,1
reconstruction,1
